문화시설명,전시회,박물관,음악 및 무용 발표회,전통 예술 공연,연극 공연,영화 관람,대중 공연,운동 경기,가장 큰 카테고리,값,카테고리,빈도 수
광진교 8번가,0.5541921,0.5701223,0.7418346,0.7623253,0.7847103,0.7912227,0.7858058,0.7097175,영화 관람,0.7912227,,
강동구청,0.63394165,0.6360414,0.7880585,0.8177258,0.82639694,0.8676743,0.8358611,0.7713959,영화 관람,0.8676743,,
강동구립성내도서관,0.6108537,0.8157393,0.76403105,0.7565941,0.74650174,0.7661581,0.76081955,0.75314546,박물관,0.8157393,,
강동구립암사도서관,0.6108537,0.8157393,0.76403105,0.7565941,0.74650174,0.7661581,0.76081955,0.75314546,박물관,0.8157393,,
강동구립천호도서관,0.6108537,0.8157393,0.76403105,0.7565941,0.74650174,0.7661581,0.76081955,0.75314546,박물관,0.8157393,,
암사동선사유적박물관,0.62125313,0.6586364,0.8589277,0.88366735,0.8989359,0.9097742,0.8986608,0.8031007,영화 관람,0.9097742,,
강동도서관,0.63394165,0.6360414,0.7880585,0.8177258,0.82639694,0.8676743,0.8358611,0.7713959,영화 관람,0.8676743,,
강동어린이회관아이누리홀,0.62664324,0.6652807,0.8644366,0.88479066,0.8971485,0.9080337,0.8967525,0.81023467,영화 관람,0.9080337,,
한국점자도서관,0.63394165,0.6360414,0.7880585,0.8177258,0.82639694,0.8676743,0.8358611,0.7713959,영화 관람,0.8676743,,
강동아트센터,0.5592756,0.56794214,0.71131694,0.7276397,0.754068,0.7616074,0.75103605,0.6924629,영화 관람,0.7616074,,
서울시민대학 동남권캠퍼스,0.60763925,0.6452366,0.85443366,0.8782784,0.8962972,0.9053677,0.8959151,0.8053491,영화 관람,0.9053677,,
강동성심병원,0.6201661,0.64062274,0.8083464,0.80478644,0.7947889,0.8040883,0.810112,0.7536651,대중 공연,0.810112,,
강동구립해공도서관,0.6108537,0.8157393,0.76403105,0.7565941,0.74650174,0.7661581,0.76081955,0.75314546,박물관,0.8157393,,
고덕평생학습관,0.63394165,0.6360414,0.7880585,0.8177258,0.82639694,0.8676743,0.8358611,0.7713959,영화 관람,0.8676743,,
강북구청,0.63394165,0.6360414,0.7880585,0.8177258,0.82639694,0.8676743,0.8358611,0.7713959,영화 관람,0.8676743,,
송중문화정보센터,0.62258285,0.66535497,0.856742,0.8828116,0.89881164,0.9079815,0.8987928,0.80296016,영화 관람,0.9079815,,
강북솔샘문화정보센터,0.6243245,0.6749381,0.8591573,0.88106304,0.8943969,0.9056741,0.89466786,0.79917336,영화 관람,0.9056741,,
강북청소년문화정보도서관,0.6183433,0.67042613,0.8542479,0.87772685,0.8944298,0.90730923,0.89491624,0.80055237,영화 관람,0.90730923,,
강북웰빙스포츠센터,0.6085269,0.65821815,0.8569195,0.87756985,0.8933963,0.9071645,0.8934068,0.80656725,영화 관람,0.9071645,,
강북문화정보도서관,0.6083566,0.65811205,0.8541258,0.875899,0.89462304,0.9080201,0.8942306,0.8044642,영화 관람,0.9080201,,
북서울꿈의숲아트센터 드림갤러리,0.60132575,0.6466445,0.82871795,0.83052033,0.8587914,0.87425834,0.851954,0.7802997,영화 관람,0.87425834,,
북서울꿈의숲,0.6246136,0.6691788,0.86116326,0.881598,0.8985502,0.9039273,0.8971633,0.80437803,영화 관람,0.9039273,,
북서울꿈의숲아트센터 상상톡톡미술관,0.6063035,0.6479549,0.85099214,0.8735885,0.89469105,0.89995635,0.8916719,0.7974361,영화 관람,0.89995635,,
성신여자대학교 운정그린캠퍼스 대강당,0.6638525,0.646077,0.84181184,0.85531366,0.8601403,0.8615975,0.8647785,0.801443,대중 공연,0.8647785,,
북서울꿈의숲아트센터 퍼포먼스홀,0.60132575,0.6466445,0.82871795,0.83052033,0.8587914,0.87425834,0.851954,0.7802997,영화 관람,0.87425834,,
강북문화예술회관,0.6123509,0.65936524,0.8593264,0.8799523,0.8952355,0.9077047,0.89505446,0.8062945,영화 관람,0.9077047,,
솔밭근린공원,0.11595707,0.112251684,0.06526032,0.056489278,0.02819393,0.020221889,0.049592234,0.11600297,운동 경기,0.11600297,,
수유문화정보센터,0.6174906,0.66409564,0.8556478,0.8812368,0.8976982,0.90780354,0.8979214,0.80077314,영화 관람,0.90780354,,
LG아트센터 서울,0.5592756,0.56794214,0.71131694,0.7276397,0.754068,0.7616074,0.75103605,0.6924629,영화 관람,0.7616074,,
스카이아트홀,0.6086062,0.6581361,0.85082036,0.87403166,0.8946806,0.9068278,0.89257175,0.80022633,영화 관람,0.9068278,,
국립국어원 우리말 꿈터,0.61286193,0.64881516,0.8572441,0.878315,0.89688134,0.90961045,0.89638305,0.80359674,영화 관람,0.90961045,,
허준박물관,0.63394165,0.6360414,0.7880585,0.8177258,0.82639694,0.8676743,0.8358611,0.7713959,영화 관람,0.8676743,,
서울강서문화원,0.57782304,0.60508525,0.82490456,0.84191537,0.86567175,0.8720311,0.8621125,0.77321905,영화 관람,0.8720311,,
아리향기작은도서관,0.6089041,0.6685546,0.8259955,0.8449652,0.86454123,0.8859502,0.8658509,0.7924074,영화 관람,0.8859502,,
겸재정선미술관,0.6189321,0.65409833,0.8567562,0.87954706,0.8968229,0.9050389,0.8976618,0.8042266,영화 관람,0.9050389,,
강서구립길꽃어린이도서관,0.6089041,0.6685546,0.8259955,0.8449652,0.86454123,0.8859502,0.8658509,0.7924074,영화 관람,0.8859502,,
기생충박물관,0.6000898,0.6576714,0.8501661,0.8760173,0.8938356,0.90721667,0.8934685,0.80039966,영화 관람,0.90721667,,
강서아트리움,0.64827734,0.67657435,0.876577,0.88513076,0.8938693,0.9021332,0.8950001,0.82465565,영화 관람,0.9021332,,
엑셈,0.60019404,0.6356106,0.8512509,0.8789004,0.89701366,0.90650403,0.89672136,0.80182534,영화 관람,0.90650403,,
스페이스K 서울,0.608463,0.64327633,0.85106695,0.8746162,0.89624405,0.9074616,0.8946815,0.8021554,영화 관람,0.9074616,,
강서도서관,0.63394165,0.6360414,0.7880585,0.8177258,0.82639694,0.8676743,0.8358611,0.7713959,영화 관람,0.8676743,,
서울식물원,0.60815585,0.6510387,0.85340697,0.8776946,0.8921943,0.90172136,0.89257205,0.8018835,영화 관람,0.90172136,,
서울시립 남서울미술관,0.6088573,0.6408792,0.8447937,0.86242837,0.8853468,0.8869426,0.8820204,0.7873447,영화 관람,0.8869426,,
관악구민종합체육센터,0.5736948,0.57727784,0.70359623,0.71453357,0.7160297,0.7109076,0.7254604,0.68086934,대중 공연,0.7254604,,
관악문화관,0.5481222,0.5686041,0.74003935,0.7270584,0.7181571,0.7324784,0.72079873,0.6754456,음악 및 무용 발표회,0.74003935,,
관악청소년센터,0.63394165,0.6360414,0.7880585,0.8177258,0.82639694,0.8676743,0.8358611,0.7713959,영화 관람,0.8676743,,
관악구청,0.6177542,0.65594524,0.8594701,0.8801713,0.8972652,0.9042324,0.89765394,0.80402476,영화 관람,0.9042324,,
관악어린이창작놀이터,0.6135928,0.64101875,0.83796275,0.84206444,0.8688437,0.87552357,0.8622624,0.8031462,영화 관람,0.87552357,,
신림다목적체육센터,0.5736948,0.57727784,0.70359623,0.71453357,0.7160297,0.7109076,0.7254604,0.68086934,대중 공연,0.7254604,,
서울대학교 미술관,0.61827743,0.64885545,0.8551244,0.88209283,0.8992762,0.9030953,0.8966616,0.8020747,영화 관람,0.9030953,,
극장작당모의,0.6159354,0.6665373,0.8187849,0.83488613,0.8455364,0.8740405,0.83795035,0.7802119,영화 관람,0.8740405,,
서울시 관악복합평생교육센터,0.5801495,0.6152848,0.8344079,0.8522493,0.8777561,0.8810855,0.8716932,0.7776044,영화 관람,0.8810855,,
낙성대공원,0.61196345,0.656701,0.8576521,0.8817574,0.8978607,0.90780103,0.89877886,0.80576664,영화 관람,0.90780103,,
관천로 문화플랫폼 S1472,0.6487498,0.66692805,0.8526919,0.86292386,0.8626575,0.8635213,0.8654511,0.79190266,대중 공연,0.8654511,,
육영재단 어린이회관,0.61547744,0.64933455,0.8611226,0.8778317,0.89360744,0.9006939,0.89198786,0.8031851,영화 관람,0.9006939,,
자양4동도서관,0.6132423,0.66057324,0.8577534,0.8816901,0.8983252,0.9119075,0.89915985,0.80608726,영화 관람,0.9119075,,
광진정보도서관,0.61094344,0.6633278,0.85472375,0.8784592,0.8963413,0.9111979,0.897145,0.8048599,영화 관람,0.9111979,,
건국대학교 박물관,0.58158505,0.6429409,0.8117585,0.8218154,0.85027945,0.87323153,0.8475994,0.7741351,영화 관람,0.87323153,,
광진구민체육센터,0.63394165,0.6360414,0.7880585,0.8177258,0.82639694,0.8676743,0.8358611,0.7713959,영화 관람,0.8676743,,
세종대학교 대양홀,0.62168753,0.6499368,0.8554303,0.8779404,0.8942292,0.9048157,0.89159244,0.8007598,영화 관람,0.9048157,,
유니버설아트센터,0.6123964,0.6453253,0.8502221,0.8716663,0.8940998,0.8988229,0.8909941,0.79600173,영화 관람,0.8988229,,
서울생각마루,0.6336583,0.662985,0.8283632,0.835666,0.843193,0.8465954,0.84840405,0.7757698,대중 공연,0.84840405,,
예스24 라이브홀,0.63394165,0.6360414,0.7880585,0.8177258,0.82639694,0.8676743,0.8358611,0.7713959,영화 관람,0.8676743,,
건국대학교 새천년대공연장,0.6346879,0.71737385,0.75970894,0.7624873,0.7568778,0.78373575,0.76765156,0.7647057,영화 관람,0.78373575,,
몽골 울란바타르 문화진흥원,0.5816226,0.6109354,0.746913,0.7494458,0.74825203,0.78913677,0.76757896,0.7233218,영화 관람,0.78913677,,
나루아트센터,0.6087327,0.6459025,0.8536587,0.87798744,0.89693284,0.9048829,0.8950429,0.79974484,영화 관람,0.9048829,,
광진숲나루,0.609612,0.65413296,0.85515684,0.879807,0.89600146,0.9060559,0.89640844,0.807455,영화 관람,0.9060559,,
광진어린이공연장,0.6046389,0.6475732,0.8474661,0.8547774,0.87918276,0.8947489,0.8786435,0.7925149,영화 관람,0.8947489,,
세종뮤지엄갤러리,0.62148964,0.69261265,0.8200784,0.8373065,0.85330737,0.8817301,0.8495815,0.77779317,영화 관람,0.8817301,,
서울어린이대공원 열린무대,0.6176298,0.666054,0.85749865,0.8851749,0.9012799,0.9104862,0.90072465,0.80757064,영화 관람,0.9104862,,
세종대학교 박물관,0.51230586,0.5315511,0.58720815,0.60962236,0.5911527,0.599166,0.6040623,0.5981717,전통 예술 공연,0.60962236,,
구의제3동도서관,0.6159834,0.6673264,0.8585845,0.8804318,0.89600307,0.91023743,0.89577883,0.80217236,영화 관람,0.91023743,,
세종아트갤러리,0.62148964,0.69261265,0.8200784,0.8373065,0.85330737,0.8817301,0.8495815,0.77779317,영화 관람,0.8817301,,
서울어린이대공원 숲속의무대,0.62245905,0.6637127,0.8648889,0.88817495,0.90176326,0.90699285,0.9001174,0.81117624,영화 관람,0.90699285,,
자양한강도서관,0.6147684,0.6665505,0.85802543,0.88118184,0.8963017,0.91149956,0.8966856,0.80353373,영화 관람,0.91149956,,
아차산숲속도서관,0.6194395,0.66630745,0.8596242,0.88319933,0.89690965,0.9098311,0.89691514,0.8060479,영화 관람,0.9098311,,
군자동도서관,0.61838794,0.6628813,0.86091113,0.8843868,0.8986819,0.9107181,0.8981633,0.8071753,영화 관람,0.9107181,,
서울거리예술창작센터,0.617928,0.65789324,0.8556168,0.8797084,0.8962791,0.9040305,0.89505005,0.80162406,영화 관람,0.9040305,,
유니버설아트센터,0.6123964,0.6453253,0.8502221,0.8716663,0.8940998,0.8988229,0.8909941,0.79600173,영화 관람,0.8988229,,
뚝섬한강공원,0.60710895,0.65269434,0.85564196,0.8790642,0.8957838,0.9016193,0.89546245,0.8070427,영화 관람,0.9016193,,
청춘뜨락야외공연장,0.63171035,0.69378436,0.84220326,0.87657434,0.88742524,0.90815616,0.8884567,0.85080105,영화 관람,0.90815616,,
중곡문화체육센터도서관,0.6278608,0.67946637,0.8630196,0.8858332,0.8995284,0.90907633,0.8992238,0.8054322,영화 관람,0.90907633,,
고척도서관,0.63394165,0.6360414,0.7880585,0.8177258,0.82639694,0.8676743,0.8358611,0.7713959,영화 관람,0.8676743,,
구로구청,0.5559861,0.5726837,0.7606422,0.7754315,0.7991873,0.7836251,0.78592104,0.7345461,연극 공연,0.7991873,,
구로구립꿈나무어린이도서관,0.6369788,0.7455831,0.839593,0.84988916,0.85383785,0.87154895,0.8646271,0.8065353,영화 관람,0.87154895,,
구로아트밸리예술극장,0.60926324,0.64349645,0.8517939,0.87443286,0.893265,0.89785904,0.8916531,0.79942095,영화 관람,0.89785904,,
평강성서유물박물관,0.5541921,0.5701223,0.7418346,0.7623253,0.7847103,0.7912227,0.7858058,0.7097175,영화 관람,0.7912227,,
구로구립개봉도서관,0.6369788,0.7455831,0.839593,0.84988916,0.85383785,0.87154895,0.8646271,0.8065353,영화 관람,0.87154895,,
구로 꿈나무극장,0.6534077,0.6891003,0.83908,0.8473189,0.84763384,0.83958733,0.84933853,0.78660107,대중 공연,0.84933853,,
구로구립글마루 한옥어린이도서관,0.6369788,0.7455831,0.839593,0.84988916,0.85383785,0.87154895,0.8646271,0.8065353,영화 관람,0.87154895,,
구로구립개봉어린이도서관,0.6369788,0.7455831,0.839593,0.84988916,0.85383785,0.87154895,0.8646271,0.8065353,영화 관람,0.87154895,,
구로구립온누리도서관,0.6369788,0.7455831,0.839593,0.84988916,0.85383785,0.87154895,0.8646271,0.8065353,영화 관람,0.87154895,,
신도림 오페라하우스,0.6532097,0.6897572,0.8580747,0.87313145,0.87981206,0.88020957,0.8816221,0.8112258,대중 공연,0.8816221,,
구로구립하늘도서관,0.6369788,0.7455831,0.839593,0.84988916,0.85383785,0.87154895,0.8646271,0.8065353,영화 관람,0.87154895,,
구로구민회관,0.65521324,0.6905599,0.8586112,0.87414306,0.8778731,0.87540746,0.87716985,0.81111455,연극 공연,0.8778731,,
구로구립 꿈마을도서관,0.6369788,0.7455831,0.839593,0.84988916,0.85383785,0.87154895,0.8646271,0.8065353,영화 관람,0.87154895,,
갤러리 구루지,0.6287571,0.6506984,0.77200097,0.765795,0.7616516,0.75878185,0.76746917,0.72476673,음악 및 무용 발표회,0.77200097,,
구로기적의도서관,0.6369788,0.7455831,0.839593,0.84988916,0.85383785,0.87154895,0.8646271,0.8065353,영화 관람,0.87154895,,
구캔갤러리,0.5887947,0.5971377,0.78707683,0.79601,0.81970495,0.8226419,0.82253176,0.7255826,영화 관람,0.8226419,,
G밸리산업박물관,0.6207228,0.67138845,0.8097599,0.8207224,0.82752955,0.8593164,0.821852,0.76732314,영화 관람,0.8593164,,
문화철도 959,0.6287571,0.6506984,0.77200097,0.765795,0.7616516,0.75878185,0.76746917,0.72476673,음악 및 무용 발표회,0.77200097,,
서울아트책보고,0.6172208,0.68921375,0.8216173,0.84484696,0.8589324,0.888304,0.8605986,0.79440176,영화 관람,0.888304,,
오류아트홀,0.6287571,0.6506984,0.77200097,0.765795,0.7616516,0.75878185,0.76746917,0.72476673,음악 및 무용 발표회,0.77200097,,
구로도서관,0.63394165,0.6360414,0.7880585,0.8177258,0.82639694,0.8676743,0.8358611,0.7713959,영화 관람,0.8676743,,
고척스카이돔,0.613634,0.651704,0.8541392,0.87563944,0.89191484,0.8986267,0.8915057,0.80366266,영화 관람,0.8986267,,
구로문화원,0.6102816,0.6337469,0.76832354,0.77046967,0.7592678,0.7565749,0.7741745,0.7230961,대중 공연,0.7741745,,
푸른수목원,0.60640496,0.6515856,0.8515687,0.8728849,0.8882257,0.896964,0.888582,0.79858124,영화 관람,0.896964,,
금천예술공장,0.6184227,0.6573847,0.85910505,0.88315165,0.89887965,0.90836215,0.8979081,0.805636,영화 관람,0.90836215,,
문화정원아트홀,0.62835807,0.64937866,0.86054397,0.88655376,0.9043965,0.9050029,0.90268964,0.80253494,영화 관람,0.9050029,,
금천구청,0.5814203,0.61897755,0.72206134,0.7272197,0.74685466,0.75925726,0.7396525,0.7316421,영화 관람,0.75925726,,
금천구립가산도서관,0.5896586,0.62897015,0.83668584,0.8636419,0.8863679,0.8938733,0.8858033,0.78598523,영화 관람,0.8938733,,
금천구립독산도서관,0.5896586,0.62897015,0.83668584,0.8636419,0.8863679,0.8938733,0.8858033,0.78598523,영화 관람,0.8938733,,
금천구립시흥도서관,0.5896586,0.62897015,0.83668584,0.8636419,0.8863679,0.8938733,0.8858033,0.78598523,영화 관람,0.8938733,,
금천구립금나래도서관,0.5896586,0.62897015,0.83668584,0.8636419,0.8863679,0.8938733,0.8858033,0.78598523,영화 관람,0.8938733,,
하라스튜디오,0.5887947,0.5971377,0.78707683,0.79601,0.81970495,0.8226419,0.82253176,0.7255826,영화 관람,0.8226419,,
만천명월예술인家,0.61888945,0.6622228,0.85722685,0.87144583,0.8890753,0.90302193,0.88844943,0.79682326,영화 관람,0.90302193,,
금천마을활력소 어울샘,0.6069335,0.6407423,0.84923893,0.8682878,0.8904547,0.90196526,0.8880065,0.798541,영화 관람,0.90196526,,
금천구립시흥도서관,0.5896586,0.62897015,0.83668584,0.8636419,0.8863679,0.8938733,0.8858033,0.78598523,영화 관람,0.8938733,,
금천 청년꿈터,0.61785793,0.6669821,0.86021745,0.8816901,0.89271986,0.8982326,0.8936922,0.80617404,영화 관람,0.8982326,,
청춘삘딩,0.5887947,0.5971377,0.78707683,0.79601,0.81970495,0.8226419,0.82253176,0.7255826,영화 관람,0.8226419,,
G밸리창업복지센터,0.60837084,0.63686657,0.85361433,0.87768805,0.89727384,0.9050817,0.89493865,0.803892,영화 관람,0.9050817,,
금천문화원,0.5541921,0.5701223,0.7418346,0.7623253,0.7847103,0.7912227,0.7858058,0.7097175,영화 관람,0.7912227,,
서울생활사박물관,0.61769843,0.6506014,0.85114354,0.87215483,0.890803,0.9003473,0.88873374,0.7953433,영화 관람,0.9003473,,
노원구청,0.4837277,0.49784958,0.600225,0.5997194,0.5919909,0.62963045,0.59790707,0.5573969,영화 관람,0.62963045,,
육군사관학교,0.5949358,0.6237249,0.80046904,0.819656,0.84258235,0.8515882,0.8372651,0.7442795,영화 관람,0.8515882,,
노원중앙도서관,0.6186756,0.68232775,0.8415007,0.85819566,0.87797856,0.8976137,0.87870085,0.8006902,영화 관람,0.8976137,,
월계도서관,0.6186756,0.68232775,0.8415007,0.85819566,0.87797856,0.8976137,0.87870085,0.8006902,영화 관람,0.8976137,,
노원어린이도서관,0.6186756,0.68232775,0.8415007,0.85819566,0.87797856,0.8976137,0.87870085,0.8006902,영화 관람,0.8976137,,
서울시립 북서울미술관,0.6224179,0.67188716,0.85739994,0.8774406,0.8954084,0.90790236,0.89403284,0.80497444,영화 관람,0.90790236,,
노원문화원,0.5402973,0.55255127,0.7360258,0.73739517,0.76549566,0.7932206,0.76326,0.69514894,영화 관람,0.7932206,,
서울과학기술대학교,0.6627875,0.66358423,0.8616659,0.8717952,0.86689353,0.87481326,0.8731086,0.8142606,영화 관람,0.87481326,,
광운대학교동해문화예술관,0.58267,0.6355752,0.793852,0.8052248,0.80919343,0.84142274,0.8127623,0.7930698,영화 관람,0.84142274,,
서울시립과학관,0.6147852,0.64488983,0.8547168,0.8784772,0.896138,0.9046833,0.89474964,0.8047045,영화 관람,0.9046833,,
노원청소년센터,0.5887947,0.5971377,0.78707683,0.79601,0.81970495,0.8226419,0.82253176,0.7255826,영화 관람,0.8226419,,
노원평생학습관,0.63394165,0.6360414,0.7880585,0.8177258,0.82639694,0.8676743,0.8358611,0.7713959,영화 관람,0.8676743,,
육군박물관,0.6115707,0.66179407,0.8554388,0.87823546,0.8966807,0.9139653,0.8939598,0.80555093,영화 관람,0.9139653,,
불암도서관,0.6186756,0.68232775,0.8415007,0.85819566,0.87797856,0.8976137,0.87870085,0.8006902,영화 관람,0.8976137,,
서울과학기술대학교 미술관,0.67710704,0.70241773,0.86209345,0.8603444,0.8629212,0.8868995,0.8640138,0.82120126,영화 관람,0.8868995,,
상계숲속작은도서관,0.6278286,0.6709942,0.8222449,0.81700337,0.8346791,0.86526626,0.8367437,0.78350115,영화 관람,0.86526626,,
문화살롱 5120,0.63010114,0.65012264,0.8589111,0.8799605,0.8959343,0.893846,0.8914234,0.7979579,연극 공연,0.8959343,,
노원구민의전당,0.57137245,0.57700324,0.72573745,0.7189278,0.7118932,0.7302581,0.7258471,0.69069964,영화 관람,0.7302581,,
인덕대학교 아정미술관,0.6081747,0.6545962,0.8541466,0.8778974,0.8943833,0.8995664,0.89178985,0.8005443,영화 관람,0.8995664,,
노원문화의집,0.53738,0.54843265,0.73386943,0.73471004,0.76204044,0.78876877,0.7596359,0.6949121,영화 관람,0.78876877,,
공릉청소년문화정보센터,0.61955345,0.6629658,0.8589871,0.88208765,0.8967625,0.9108607,0.8962363,0.8057443,영화 관람,0.9108607,,
도봉도서관,0.63394165,0.6360414,0.7880585,0.8177258,0.82639694,0.8676743,0.8358611,0.7713959,영화 관람,0.8676743,,
강북구청,0.63394165,0.6360414,0.7880585,0.8177258,0.82639694,0.8676743,0.8358611,0.7713959,영화 관람,0.8676743,,
송중문화정보센터,0.62258285,0.66535497,0.856742,0.8828116,0.89881164,0.9079815,0.8987928,0.80296016,영화 관람,0.9079815,,
도봉기적의도서관,0.6158497,0.6541848,0.85785097,0.88429165,0.90169394,0.9122243,0.90167576,0.8057217,영화 관람,0.9122243,,
도봉문화정보도서관,0.6158497,0.6541848,0.85785097,0.88429165,0.90169394,0.9122243,0.90167576,0.8057217,영화 관람,0.9122243,,
평화문화진지,0.61274654,0.64616483,0.8557471,0.8798557,0.8951043,0.9045785,0.89451265,0.79843813,영화 관람,0.9045785,,
도봉문화재단 쌍문채움도서관,0.5927874,0.6413177,0.83761007,0.86312276,0.88487107,0.89572096,0.8847115,0.78652704,영화 관람,0.89572096,,
함석헌기념관,0.6068891,0.6589244,0.84957653,0.8737469,0.8927345,0.90800065,0.89015454,0.7992352,영화 관람,0.90800065,,
도봉구청,0.60672915,0.6599438,0.8480927,0.8660967,0.88371086,0.8947193,0.88265586,0.7928759,영화 관람,0.8947193,,
김근태기념도서관,0.4808751,0.5770843,0.60100746,0.58983827,0.60868543,0.6386528,0.6163472,0.59226143,영화 관람,0.6386528,,
학마을도서관,0.60610837,0.6639818,0.84577715,0.86602813,0.8825599,0.8917387,0.8828927,0.792108,영화 관람,0.8917387,,
무중력지대 도봉,0.61156267,0.64648926,0.8597984,0.88140213,0.9023781,0.913079,0.899889,0.80923176,영화 관람,0.913079,,
도봉문화재단,0.6179426,0.665795,0.8567597,0.8749924,0.89070785,0.899084,0.88987565,0.79984903,영화 관람,0.899084,,
둘리뮤지엄,0.64243066,0.6683745,0.86821955,0.88640416,0.90337646,0.9074218,0.9009625,0.8082396,영화 관람,0.9074218,,
도봉아이나라도서관,0.6550753,0.7748111,0.8278897,0.81896555,0.82050526,0.83939695,0.8282372,0.79024136,영화 관람,0.83939695,,
원당마을한옥도서관,0.6550753,0.7748111,0.8278897,0.81896555,0.82050526,0.83939695,0.8282372,0.79024136,영화 관람,0.83939695,,
서울로봇인공지능과학관,0.5977187,0.6306835,0.84567297,0.8695133,0.8906662,0.9009444,0.88790494,0.7967049,영화 관람,0.9009444,,
성신여자대학교 운정그린캠퍼스 대강당,0.6638525,0.646077,0.84181184,0.85531366,0.8601403,0.8615975,0.8647785,0.801443,대중 공연,0.8647785,,
마을극장 흰고무신,0.6537669,0.7291735,0.85347545,0.8602433,0.87289,0.89955693,0.8719186,0.80396706,영화 관람,0.89955693,,
김수영문학관,0.60072494,0.65388125,0.8462362,0.8655326,0.88942444,0.90715986,0.8860047,0.79661185,영화 관람,0.90715986,,
청소년 예술공간 채움,0.6114981,0.6603655,0.8543378,0.8743137,0.89088404,0.89808375,0.888744,0.79980856,영화 관람,0.89808375,,
간송옛집,0.60589945,0.68207455,0.8537741,0.86801183,0.88384724,0.89396715,0.8807944,0.79484046,영화 관람,0.89396715,,
원당샘공원,0.63375425,0.67633617,0.86559105,0.8878771,0.894644,0.9018793,0.89446354,0.8119839,영화 관람,0.9018793,,
문화공간 가치,0.6061092,0.64646006,0.8156767,0.8232244,0.83967686,0.87056506,0.8298668,0.77959657,영화 관람,0.87056506,,
경희대학교,0.6101776,0.6415286,0.8362656,0.8358505,0.865031,0.87551963,0.85714936,0.78132755,영화 관람,0.87551963,,
세종대왕기념관,0.6496221,0.6732427,0.8672663,0.8827909,0.8902364,0.9004906,0.891289,0.819244,영화 관람,0.9004906,,
서울문화재단,0.6477227,0.7543285,0.8143746,0.8258719,0.81707525,0.84262806,0.8253139,0.7959594,영화 관람,0.84262806,,
동대문구체육관,0.5685671,0.5886884,0.81357163,0.82561105,0.84591836,0.84636784,0.84110403,0.7551742,영화 관람,0.84636784,,
배봉산 숲속 도서관,0.6124567,0.6572303,0.85336804,0.8773526,0.8957691,0.91259515,0.8960018,0.80438375,영화 관람,0.91259515,,
서울휴먼라이브러리,0.622264,0.64324963,0.8583844,0.8858001,0.901415,0.908903,0.9003599,0.8040468,영화 관람,0.908903,,
동대문도서관,0.63394165,0.6360414,0.7880585,0.8177258,0.82639694,0.8676743,0.8358611,0.7713959,영화 관람,0.8676743,,
김희수아트센터,0.61194134,0.6714067,0.8506673,0.8644856,0.8870737,0.8963266,0.88508666,0.80493236,영화 관람,0.8963266,,
서울시창작공간,0.6468054,0.7030977,0.84834385,0.8669993,0.86213714,0.8669684,0.8673224,0.8010938,대중 공연,0.8673224,,
서울한방진흥센터,0.61778873,0.6561295,0.8568524,0.8803964,0.8960992,0.9039669,0.8957857,0.805041,영화 관람,0.9039669,,
경희대학교 자연사박물관,0.596313,0.63873684,0.8463496,0.8699054,0.89166546,0.9028542,0.88926387,0.7986798,영화 관람,0.9028542,,
서울약령시한의약박물관,0.6102317,0.66236556,0.7921442,0.8041822,0.81387866,0.81004226,0.8063903,0.73719007,연극 공연,0.81387866,,
답십리영화미디어아트센터,0.6185682,0.64990175,0.85684055,0.88128364,0.89650893,0.9040576,0.896519,0.80221164,영화 관람,0.9040576,,
경희대학교 중앙박물관,0.58826923,0.63503826,0.842898,0.8642825,0.88497114,0.8958616,0.879925,0.78889763,영화 관람,0.8958616,,
경동시장 청년몰,0.63394165,0.6360414,0.7880585,0.8177258,0.82639694,0.8676743,0.8358611,0.7713959,영화 관람,0.8676743,,
동대문운동장기념관,0.61533445,0.6649704,0.8558762,0.8692271,0.892444,0.90550005,0.88736665,0.8031102,영화 관람,0.90550005,,
경희대학교한의학역사박물관,0.09045909,0.079318255,0.022193473,0.003300597,-0.007832246,0.004184163,-0.0012058858,0.06795501,전시회,0.09045909,,
동대문구정보화도서관,0.61046535,0.66270685,0.85355353,0.8779594,0.8965409,0.91279227,0.8964594,0.80463755,영화 관람,0.91279227,,
용두어울림작은도서관,0.60870236,0.6592123,0.85227966,0.8748105,0.8928802,0.90689015,0.8927829,0.80478877,영화 관람,0.90689015,,
동대문구답십리도서관,0.6162001,0.66154957,0.85869455,0.8833233,0.9006423,0.9128201,0.9008245,0.80921346,영화 관람,0.9128201,,
휘경행복도서관,0.61483306,0.6572958,0.8554518,0.87724197,0.8938188,0.91225576,0.8949593,0.804353,영화 관람,0.91225576,,
서울시립대학교 음악관,0.59144694,0.5768664,0.72822237,0.7442118,0.7444091,0.7301281,0.7455022,0.6659013,대중 공연,0.7455022,,
이문어린이도서관,0.6125735,0.6598714,0.85217214,0.87781054,0.8965883,0.9143962,0.8969064,0.80527735,영화 관람,0.9143962,,
용두어린이영어도서관,0.6096269,0.6507156,0.8519424,0.8771006,0.89620644,0.91119266,0.89659387,0.80519295,영화 관람,0.91119266,,
장안어린이도서관,0.6131054,0.6589222,0.8536374,0.87777525,0.89544046,0.91179574,0.89635295,0.80609334,영화 관람,0.91179574,,
카페프로젝트이응,0.63394165,0.6360414,0.7880585,0.8177258,0.82639694,0.8676743,0.8358611,0.7713959,영화 관람,0.8676743,,
제기동감초마을현진건기념도서관,0.6103065,0.6526465,0.8525757,0.8777234,0.89673436,0.9105794,0.8973826,0.8064234,영화 관람,0.9105794,,
선농단역사문화관,0.61999893,0.6494618,0.85352886,0.8753859,0.8915863,0.8949491,0.8909232,0.7938372,영화 관람,0.8949491,,
서울시립대학교 박물관,0.6117787,0.59090346,0.748088,0.7649556,0.76518106,0.75735724,0.76809776,0.6926013,대중 공연,0.76809776,,
동작구청,0.5167824,0.5354587,0.66546214,0.6647025,0.666013,0.69596803,0.67059237,0.6124128,영화 관람,0.69596803,,
동작도서관,0.63394165,0.6360414,0.7880585,0.8177258,0.82639694,0.8676743,0.8358611,0.7713959,영화 관람,0.8676743,,
사당문화회관,0.6142305,0.65169924,0.8586999,0.8773494,0.8932439,0.90309864,0.89110327,0.80872446,영화 관람,0.90309864,,
동작구 문화관광,0.5031122,0.51477283,0.63529694,0.63393205,0.63114774,0.6642892,0.6351209,0.58762753,영화 관람,0.6642892,,
대방어린이도서관,0.5200014,0.52503145,0.65166557,0.65279377,0.6531776,0.68809617,0.6582112,0.61243886,영화 관람,0.68809617,,
국사봉숲속작은도서관,0.51086736,0.5315251,0.66847336,0.6681375,0.67423654,0.7071767,0.6751873,0.6232916,영화 관람,0.7071767,,
사당솔밭도서관,0.53246677,0.53994906,0.70185083,0.7025838,0.70776093,0.73664176,0.7100957,0.6503347,영화 관람,0.73664176,,
약수도서관,0.51302534,0.5215814,0.65099484,0.6527138,0.65516615,0.6858829,0.6602627,0.6035538,영화 관람,0.6858829,,
동작샘터도서관,0.49715233,0.50654125,0.6191891,0.6218684,0.6214329,0.64912856,0.62415886,0.5796511,영화 관람,0.64912856,,
김영삼도서관,0.5163791,0.52935404,0.66019857,0.6587013,0.6577607,0.68732786,0.6594608,0.60749555,영화 관람,0.68732786,,
동작어린이도서관,0.50660366,0.52186996,0.6567316,0.65118515,0.6558372,0.6911286,0.6615001,0.60520357,영화 관람,0.6911286,,
다울작은도서관,0.5181176,0.527295,0.6574811,0.65574956,0.6563288,0.6864916,0.6593245,0.61095226,영화 관람,0.6864916,,
까망돌도서관,0.5153293,0.53878105,0.67747134,0.6822847,0.6854988,0.71411276,0.6906762,0.6346833,영화 관람,0.71411276,,
흑석체육센터,0.61433613,0.6511881,0.85864854,0.87747276,0.89313954,0.9026215,0.89106405,0.8091142,영화 관람,0.9026215,,
숭실대학교 한경직기념관,0.5822296,0.6327077,0.8173486,0.8342116,0.85135615,0.862285,0.85025156,0.76505554,영화 관람,0.862285,,
소태산홀,0.6060483,0.64594376,0.85307974,0.8791115,0.90195143,0.9081244,0.9004841,0.8041753,영화 관람,0.9081244,,
숭실대학교 한국기독교박물관,0.62041664,0.6702584,0.8569122,0.88502765,0.89939266,0.91363955,0.8977191,0.8051567,영화 관람,0.91363955,,
CTS 아트홀,0.6203537,0.66156054,0.8049364,0.80278873,0.8179295,0.8235276,0.81321895,0.7485226,영화 관람,0.8235276,,
총신대학교 백남조 기념홀,0.62276256,0.6517405,0.81128347,0.8201231,0.8204231,0.8300854,0.8334838,0.78834796,대중 공연,0.8334838,,
신대방누리도서관,0.63394165,0.6360414,0.7880585,0.8177258,0.82639694,0.8676743,0.8358611,0.7713959,영화 관람,0.8676743,,
표현하다 스튜디오,0.61700296,0.6487706,0.82701766,0.86143917,0.8768885,0.8803986,0.8764286,0.8089578,영화 관람,0.8803986,,
상도어울마당 아트홀,0.63394165,0.6360414,0.7880585,0.8177258,0.82639694,0.8676743,0.8358611,0.7713959,영화 관람,0.8676743,,
스페이스살림 ,0.51470673,0.5378233,0.7032874,0.7143335,0.7440753,0.776922,0.74330825,0.6768702,영화 관람,0.776922,,
마포아트센터,0.6353534,0.67414445,0.86508137,0.8872247,0.8954459,0.89920175,0.89569426,0.80594015,영화 관람,0.89920175,,
포스트극장,0.63394165,0.6360414,0.7880585,0.8177258,0.82639694,0.8676743,0.8358611,0.7713959,영화 관람,0.8676743,,
연세대학교 김대중도서관,0.59602153,0.63840234,0.84264123,0.86262983,0.8853468,0.90688974,0.8818892,0.78920233,영화 관람,0.90688974,,
망원한강공원,0.6074195,0.65335584,0.8564787,0.87969154,0.895921,0.90186554,0.8957168,0.8073464,영화 관람,0.90186554,,
홍대 롤링홀,0.60615635,0.63736606,0.7935965,0.82592434,0.84924126,0.86620814,0.8517492,0.78443515,영화 관람,0.86620814,,
서울시립 난지미술창작스튜디오,0.61247784,0.65747684,0.85591614,0.8732151,0.8940766,0.90735984,0.89201564,0.8035873,영화 관람,0.90735984,,
서교예술실험센터,0.6477227,0.7543285,0.8143746,0.8258719,0.81707525,0.84262806,0.8253139,0.7959594,영화 관람,0.84262806,,
서울특별시여성능력개발원,0.6083479,0.6490865,0.8176303,0.83856773,0.8405975,0.84530663,0.8476073,0.7829524,대중 공연,0.8476073,,
KT&G 상상마당 갤러리,0.5448414,0.5927403,0.72655654,0.71265984,0.72842324,0.73539335,0.7249435,0.6943586,영화 관람,0.73539335,,
서울함 공원,0.5798061,0.6173346,0.83069974,0.8486875,0.8741309,0.8804199,0.8707238,0.77650595,영화 관람,0.8804199,,
이건하우스,0.61808753,0.65201694,0.8601383,0.881744,0.89530325,0.90221334,0.89643764,0.8065192,영화 관람,0.90221334,,
한국천주교순교자박물관,0.46103522,0.4636115,0.6135781,0.6198866,0.64144033,0.6277684,0.6384396,0.59922874,연극 공연,0.64144033,,
디지털 파빌리온,0.60048765,0.6463126,0.849397,0.871631,0.8934638,0.9106243,0.8920233,0.8009491,영화 관람,0.9106243,,
구립마포청소년문화의집,0.5361259,0.5659343,0.7425517,0.74987775,0.77678734,0.7998076,0.7794697,0.6990275,영화 관람,0.7998076,,
마포문화원,0.60805726,0.6328682,0.84633845,0.86625075,0.8843052,0.88658416,0.8804054,0.7905053,영화 관람,0.88658416,,
마포구립서강도서관,0.6105335,0.6548009,0.852163,0.87751234,0.8943105,0.9088986,0.8950139,0.8063243,영화 관람,0.9088986,,
서울월드컵경기장,0.61673814,0.6607194,0.8571747,0.8788166,0.8961151,0.9006185,0.8958322,0.8054639,영화 관람,0.9006185,,
한국영화박물관,0.6237322,0.6523028,0.81113315,0.8263657,0.82597774,0.83428293,0.83532244,0.7798823,대중 공연,0.83532244,,
tbs(서울특별시미디어재단),0.6090031,0.6483041,0.85333145,0.87793845,0.8964723,0.90471345,0.8975972,0.80450094,영화 관람,0.90471345,,
경의선 책거리,0.51470673,0.5378233,0.7032874,0.7143335,0.7440753,0.776922,0.74330825,0.6768702,영화 관람,0.776922,,
이한열기념관,0.6250276,0.6507013,0.8635764,0.88566524,0.90158683,0.9077161,0.8989218,0.80517936,영화 관람,0.9077161,,
서울에너지드림센터,0.60936314,0.6481724,0.8526935,0.8755291,0.8938643,0.90546453,0.8925769,0.8012706,영화 관람,0.90546453,,
마포중앙도서관 갤러리,0.6144518,0.66339463,0.8557599,0.8780197,0.8956781,0.9120632,0.8957081,0.80589306,영화 관람,0.9120632,,
에스제이비보이즈,0.63394165,0.6360414,0.7880585,0.8177258,0.82639694,0.8676743,0.8358611,0.7713959,영화 관람,0.8676743,,
난지한강공원,0.6079527,0.6535234,0.8566817,0.8801904,0.8968812,0.9028971,0.89662004,0.8073184,영화 관람,0.9028971,,
서울생활문화센터 서교,0.5107229,0.5451553,0.6776852,0.6764946,0.6829692,0.7024846,0.68648434,0.63847953,영화 관람,0.7024846,,
마포평생학습관 마포리움,0.63394165,0.6360414,0.7880585,0.8177258,0.82639694,0.8676743,0.8358611,0.7713959,영화 관람,0.8676743,,
공간 630,0.64484715,0.68831474,0.87032664,0.8841889,0.903363,0.9213953,0.9020038,0.82397205,영화 관람,0.9213953,,
전쟁과여성인권박물관,0.5887947,0.5971377,0.78707683,0.79601,0.81970495,0.8226419,0.82253176,0.7255826,영화 관람,0.8226419,,
미디어 아트 갤러리 언더독뮤지엄,0.5887947,0.5971377,0.78707683,0.79601,0.81970495,0.8226419,0.82253176,0.7255826,영화 관람,0.8226419,,
마포여성동행센터,0.5887947,0.5971377,0.78707683,0.79601,0.81970495,0.8226419,0.82253176,0.7255826,영화 관람,0.8226419,,
프로타주 갤러리,0.63394165,0.6360414,0.7880585,0.8177258,0.82639694,0.8676743,0.8358611,0.7713959,영화 관람,0.8676743,,
베짱이홀,0.6156515,0.64958316,0.8554996,0.877304,0.89858943,0.9071498,0.8966966,0.7969702,영화 관람,0.9071498,,
홍익대학교 박물관,0.6276175,0.66417706,0.8578489,0.8693638,0.8793374,0.875427,0.87632555,0.7990345,연극 공연,0.8793374,,
서울디자인창업센터,0.60140824,0.6472022,0.8466487,0.87189287,0.889784,0.9063646,0.888727,0.79711163,영화 관람,0.9063646,,
복합문화공간 홍대스페이스M ,0.6079178,0.6454106,0.8537785,0.8773934,0.8970052,0.90793055,0.89608884,0.8026293,영화 관람,0.90793055,,
마포중앙도서관,0.6119831,0.66389364,0.8549961,0.87823665,0.8962469,0.9117689,0.896289,0.8049865,영화 관람,0.9117689,,
소담상회 with 아이디어스 크래프트랩,0.5887947,0.5971377,0.78707683,0.79601,0.81970495,0.8226419,0.82253176,0.7255826,영화 관람,0.8226419,,
문화비축기지,0.6040209,0.6598319,0.8509774,0.8817686,0.89788544,0.9056999,0.89553964,0.80144304,영화 관람,0.9056999,,
서울마포음악창작소,0.5810876,0.6204967,0.8295835,0.8465622,0.87096095,0.87873614,0.866432,0.77378166,영화 관람,0.87873614,,
월드컵공원,0.5977608,0.65339684,0.84457564,0.8660202,0.88481444,0.89336044,0.8839229,0.7917424,영화 관람,0.89336044,,
서대문도서관,0.6095834,0.6577368,0.852203,0.87723255,0.89483976,0.9093962,0.8961697,0.80247283,영화 관람,0.9093962,,
서대문문화체육회관,0.53248525,0.5573721,0.7329136,0.7338885,0.7592856,0.78528565,0.75845265,0.6903732,영화 관람,0.78528565,,
서대문자연사박물관,0.62630844,0.6685796,0.86358404,0.8829229,0.8975989,0.9061217,0.89576864,0.8038496,영화 관람,0.9061217,,
서울무용센터,0.6135928,0.64101875,0.83796275,0.84206444,0.8688437,0.87552357,0.8622624,0.8031462,영화 관람,0.87552357,,
아트하우스 모모,0.63394165,0.6360414,0.7880585,0.8177258,0.82639694,0.8676743,0.8358611,0.7713959,영화 관람,0.8676743,,
이화여자대학교 박물관,0.6068961,0.6492446,0.8456959,0.8679662,0.8895367,0.8993129,0.888281,0.7957139,영화 관람,0.8993129,,
연희문학창작촌,0.6180384,0.6551508,0.8568037,0.8822024,0.8986855,0.9063318,0.8971635,0.80308235,영화 관람,0.9063318,,
이화여자대학교 자연사박물관,0.6170672,0.6579481,0.85528576,0.87593883,0.8959992,0.904389,0.8930721,0.80056036,영화 관람,0.904389,,
금호아트홀 연세,0.6380377,0.6615423,0.86793077,0.89157563,0.905637,0.90531206,0.9046398,0.8090576,연극 공연,0.905637,,
연세대학교신촌캠퍼스박물관,0.62668717,0.6520944,0.85440874,0.87796783,0.8968856,0.9047387,0.89207524,0.7999923,영화 관람,0.9047387,,
서대문형무소역사관,0.60945594,0.64597404,0.8546668,0.87892455,0.8958896,0.90608245,0.8953695,0.8023083,영화 관람,0.90608245,,
스페이스애프터,0.63394165,0.6360414,0.7880585,0.8177258,0.82639694,0.8676743,0.8358611,0.7713959,영화 관람,0.8676743,,
갤러리 히든플레이스,0.63394165,0.6360414,0.7880585,0.8177258,0.82639694,0.8676743,0.8358611,0.7713959,영화 관람,0.8676743,,
연희예술극장,0.5697142,0.59797597,0.76116705,0.7655326,0.7773545,0.8189077,0.7865995,0.73350835,영화 관람,0.8189077,,
고촌이종근기념관,0.5689438,0.57672876,0.70271885,0.7257066,0.7269752,0.7446226,0.7351631,0.67381287,영화 관람,0.7446226,,
신촌문화발전소,0.63394165,0.6360414,0.7880585,0.8177258,0.82639694,0.8676743,0.8358611,0.7713959,영화 관람,0.8676743,,
신촌문화발전소,0.63394165,0.6360414,0.7880585,0.8177258,0.82639694,0.8676743,0.8358611,0.7713959,영화 관람,0.8676743,,
우석뮤지엄,0.5887947,0.5971377,0.78707683,0.79601,0.81970495,0.8226419,0.82253176,0.7255826,영화 관람,0.8226419,,
이화여자대학교 대강당,0.62421346,0.64449155,0.85177314,0.87278414,0.8817886,0.88189423,0.880789,0.7985981,영화 관람,0.88189423,,
극장PLOT,0.5042865,0.4956357,0.6470572,0.65207815,0.6692138,0.6771469,0.67180383,0.6004994,영화 관람,0.6771469,,
이진아기념도서관,0.609028,0.6603964,0.85241306,0.8737186,0.8930574,0.9087043,0.89334786,0.80326307,영화 관람,0.9087043,,
청년예술청 SAPY,0.5887947,0.5971377,0.78707683,0.79601,0.81970495,0.8226419,0.82253176,0.7255826,영화 관람,0.8226419,,
ANDNEW GALLERY(앤드뉴 갤러리),0.60784763,0.65436035,0.83396614,0.84308755,0.87296987,0.88515985,0.87116754,0.7973188,영화 관람,0.88515985,,
플레이스막3,0.586504,0.6395636,0.8378649,0.8659175,0.8902068,0.90520084,0.88799345,0.79179645,영화 관람,0.90520084,,
연세대학교,0.6163683,0.652717,0.85797936,0.8794413,0.89319617,0.90515286,0.89264226,0.8047818,영화 관람,0.90515286,,
라프,0.6512421,0.660768,0.85109127,0.8537504,0.8626827,0.87361443,0.86425954,0.7923105,영화 관람,0.87361443,,
반포심산아트홀,0.6217772,0.65852886,0.8632616,0.8821217,0.89804363,0.90834755,0.89627504,0.80652964,영화 관람,0.90834755,,
한국분재박물관,0.60963464,0.644115,0.85467815,0.8795201,0.89842725,0.9074784,0.89581144,0.8046032,영화 관람,0.9074784,,
예술의전당 서울서예박물관,0.6126444,0.64173484,0.85667694,0.87887836,0.8998318,0.9064142,0.898096,0.8006426,영화 관람,0.9064142,,
서초구민체육센터,0.6066405,0.64133155,0.8510683,0.87171924,0.88979954,0.89944077,0.8866348,0.8057737,영화 관람,0.89944077,,
서초문화예술회관 (구 서초구민회관),0.63237536,0.6604669,0.8336934,0.85030264,0.8553929,0.86407614,0.8629546,0.80381554,영화 관람,0.86407614,,
내곡느티나무쉼터,0.5541921,0.5701223,0.7418346,0.7623253,0.7847103,0.7912227,0.7858058,0.7097175,영화 관람,0.7912227,,
유리지공예관,0.608922,0.66663706,0.83247614,0.84498435,0.8660089,0.8715487,0.8591722,0.78008354,영화 관람,0.8715487,,
서초구립반포도서관,0.60692674,0.68390745,0.82160884,0.8366138,0.8564027,0.87918913,0.8559839,0.7898414,영화 관람,0.87918913,,
서초여성가족플라자,0.6078569,0.650174,0.85434353,0.8782766,0.894368,0.90359086,0.89476305,0.8050833,영화 관람,0.90359086,,
한전아트센터,0.020802233,0.032026727,-0.029616166,-0.0485491,-0.07537477,-0.06705127,-0.06871442,-0.016348023,박물관,0.032026727,,
세빛섬,0.6141257,0.64503336,0.85470104,0.87955517,0.8946691,0.90334684,0.89396065,0.80204093,영화 관람,0.90334684,,
서초구립내곡도서관,0.60692674,0.68390745,0.82160884,0.8366138,0.8564027,0.87918913,0.8559839,0.7898414,영화 관람,0.87918913,,
서초문화원,0.61342275,0.652667,0.85206413,0.87218297,0.89114606,0.9011868,0.8898809,0.79836416,영화 관람,0.9011868,,
전기박물관,0.61422014,0.6698216,0.85553145,0.8797319,0.89536154,0.9137652,0.8960329,0.8053665,영화 관람,0.9137652,,
영산양재홀,0.61398274,0.65586454,0.855423,0.87652564,0.8972876,0.9093633,0.89499575,0.80217683,영화 관람,0.9093633,,
예술의 전당,0.6126444,0.64173484,0.85667694,0.87887836,0.8998318,0.9064142,0.898096,0.8006426,영화 관람,0.9064142,,
모차르트홀,0.62470734,0.652153,0.858975,0.8857343,0.9069564,0.9090026,0.90573657,0.8060045,영화 관람,0.9090026,,
국립국악원,0.62057954,0.6465085,0.85842276,0.8760569,0.8935753,0.8981118,0.891682,0.7983975,영화 관람,0.8981118,,
국립중앙도서관 실감서재,0.6092605,0.65630853,0.8576194,0.8800475,0.89952683,0.9154187,0.89917994,0.8082428,영화 관람,0.9154187,,
브랜뉴디지털아트갤러리,0.535745,0.5765877,0.741846,0.7456554,0.76943684,0.79902947,0.768135,0.69283414,영화 관람,0.79902947,,
음악플러스 아트홀,0.50135815,0.54236525,0.6644076,0.66241807,0.69502795,0.70106775,0.68078136,0.66542816,영화 관람,0.70106775,,
스페이스 이수 ,0.6064044,0.6418246,0.85141104,0.8779857,0.89712226,0.9060657,0.89383996,0.8006438,영화 관람,0.9060657,,
클라라 아트홀,0.51513934,0.54201496,0.67892563,0.6750434,0.682022,0.7005097,0.68664515,0.6374632,영화 관람,0.7005097,,
서초구립양재도서관,0.60692674,0.68390745,0.82160884,0.8366138,0.8564027,0.87918913,0.8559839,0.7898414,영화 관람,0.87918913,,
서초구립잠원도서관,0.60692674,0.68390745,0.82160884,0.8366138,0.8564027,0.87918913,0.8559839,0.7898414,영화 관람,0.87918913,,
정효아트홀,0.57595736,0.6098126,0.82868546,0.84779376,0.8728365,0.88014996,0.86704963,0.77504003,영화 관람,0.88014996,,
예빛섬,0.61639297,0.658074,0.8548861,0.8722942,0.8920562,0.90742826,0.8898818,0.7982396,영화 관람,0.90742826,,
IPAC아트홀,0.6115231,0.6575227,0.8550756,0.875602,0.89719826,0.9090567,0.89560306,0.8021404,영화 관람,0.9090567,,
이스라엘문화원,0.54851615,0.5842424,0.7662058,0.77359134,0.797989,0.8195592,0.7982002,0.7257986,영화 관람,0.8195592,,
백석아트홀,0.6430129,0.64508563,0.8328742,0.8449271,0.84510267,0.85795707,0.8531822,0.78753805,영화 관람,0.85795707,,
잠원 한강공원,0.6071894,0.6530998,0.85580814,0.8792065,0.89541924,0.90123415,0.8952307,0.80682826,영화 관람,0.90123415,,
양재 aT센터,0.6098662,0.6266391,0.8261696,0.8421825,0.8542155,0.84804094,0.85030293,0.7794644,연극 공연,0.8542155,,
앤스 갤러리 카페(Ns Cafe),0.63394165,0.6360414,0.7880585,0.8177258,0.82639694,0.8676743,0.8358611,0.7713959,영화 관람,0.8676743,,
아르코예술기록원,0.6139216,0.64630604,0.85160357,0.8701388,0.88771474,0.8984322,0.8850256,0.79419434,영화 관람,0.8984322,,
브람스앤리스트,0.63394165,0.6360414,0.7880585,0.8177258,0.82639694,0.8676743,0.8358611,0.7713959,영화 관람,0.8676743,,
서리풀 아트홀,0.63394165,0.6360414,0.7880585,0.8177258,0.82639694,0.8676743,0.8358611,0.7713959,영화 관람,0.8676743,,
매헌윤봉길의사기념관,0.5541921,0.5701223,0.7418346,0.7623253,0.7847103,0.7912227,0.7858058,0.7097175,영화 관람,0.7912227,,
로데아트센터,0.5931414,0.6331929,0.84364665,0.8682169,0.89002454,0.8996271,0.8874344,0.7905239,영화 관람,0.8996271,,
칸타빌레 클래식,0.602725,0.6413331,0.82194644,0.84694946,0.8650989,0.87477887,0.8736158,0.8005761,영화 관람,0.87477887,,
예술의전당 한가람미술관,0.6126444,0.64173484,0.85667694,0.87887836,0.8998318,0.9064142,0.898096,0.8006426,영화 관람,0.9064142,,
샤론아트홀,0.6487672,0.6864556,0.8509698,0.8721177,0.8871339,0.9100461,0.8938172,0.8101033,영화 관람,0.9100461,,
국립국악박물관,0.62057954,0.6465085,0.85842276,0.8760569,0.8935753,0.8981118,0.891682,0.7983975,영화 관람,0.8981118,,
서울특별시농업기술센터,0.6220819,0.65318716,0.8618086,0.8798513,0.89029026,0.8976003,0.8890757,0.80539906,영화 관람,0.8976003,,
오소리 아트홀 ,0.6228892,0.6630806,0.8272427,0.8409358,0.8670088,0.8958107,0.8658079,0.79982734,영화 관람,0.8958107,,
반포한강공원,0.60753024,0.65267515,0.85598004,0.87903655,0.8956047,0.90132546,0.8953359,0.8067843,영화 관람,0.90132546,,
심산기념문화센터,0.62176275,0.656646,0.86408234,0.8806973,0.8961433,0.9060916,0.89422226,0.80488956,영화 관람,0.9060916,,
서리풀청년아트센터,0.63394165,0.6360414,0.7880585,0.8177258,0.82639694,0.8676743,0.8358611,0.7713959,영화 관람,0.8676743,,
라율아트홀,0.60660547,0.6509602,0.8463502,0.8711626,0.8926468,0.90490305,0.889717,0.79512584,영화 관람,0.90490305,,
부띠크모나코뮤지엄,0.6167152,0.66378284,0.85615945,0.8782209,0.899122,0.9056077,0.89615494,0.79945433,영화 관람,0.9056077,,
반포대로 ,0.5912348,0.6159651,0.77472043,0.7927638,0.80882764,0.81567943,0.81133676,0.7436322,영화 관람,0.81567943,,
백석비전센터,0.5431089,0.59492385,0.7221445,0.72370875,0.74669445,0.7595187,0.7462315,0.6932677,영화 관람,0.7595187,,
서초구청,0.613233,0.6538033,0.85582983,0.87288946,0.8869858,0.89919066,0.88752353,0.803383,영화 관람,0.89919066,,
우란2경,0.63330275,0.65752906,0.82201385,0.83842206,0.84225243,0.8499135,0.84308684,0.76237196,영화 관람,0.8499135,,
성동구립도서관,0.5352541,0.53199065,0.71096176,0.71252525,0.73828554,0.77719814,0.7422776,0.663431,영화 관람,0.77719814,,
코엑스전시장,0.50073504,0.5116617,0.64675593,0.645899,0.6511121,0.6826737,0.6534817,0.60055363,영화 관람,0.6826737,,
디뮤지엄,0.56534034,0.5885024,0.7668399,0.7838838,0.80229,0.8108926,0.8063539,0.7344632,영화 관람,0.8108926,,
성동문화재단,0.5352541,0.53199065,0.71096176,0.71252525,0.73828554,0.77719814,0.7422776,0.663431,영화 관람,0.77719814,,
서울하수도과학관,0.61347556,0.6504261,0.84848964,0.8713831,0.8886784,0.90294087,0.88970566,0.8001684,영화 관람,0.90294087,,
성동구립용답도서관,0.5352541,0.53199065,0.71096176,0.71252525,0.73828554,0.77719814,0.7422776,0.663431,영화 관람,0.77719814,,
장안평 자동차산업 종합정보센터,0.6342309,0.68593526,0.8524088,0.8508772,0.86840105,0.8970672,0.87103665,0.7988051,영화 관람,0.8970672,,
한양대학교 박물관,0.61398876,0.66009265,0.8551633,0.8815203,0.89961636,0.909166,0.8983979,0.8026917,영화 관람,0.909166,,
언더스탠드에비뉴,0.63394165,0.6360414,0.7880585,0.8177258,0.82639694,0.8676743,0.8358611,0.7713959,영화 관람,0.8676743,,
소월아트홀,0.5352541,0.53199065,0.71096176,0.71252525,0.73828554,0.77719814,0.7422776,0.663431,영화 관람,0.77719814,,
청계천박물관 ,0.62159073,0.6546465,0.8525532,0.8753335,0.891047,0.8994024,0.88953555,0.7976788,영화 관람,0.8994024,,
STUDIO301,0.63394165,0.6360414,0.7880585,0.8177258,0.82639694,0.8676743,0.8358611,0.7713959,영화 관람,0.8676743,,
성동청소년문화의집,0.5352541,0.53199065,0.71096176,0.71252525,0.73828554,0.77719814,0.7422776,0.663431,영화 관람,0.77719814,,
서울새활용플라자,0.6219564,0.64989996,0.8586514,0.88314015,0.9002808,0.9077667,0.89931715,0.8036599,영화 관람,0.9077667,,
한양여자대학교미술관,0.6135477,0.65646076,0.85482806,0.87836844,0.8880834,0.89421993,0.8874345,0.8011217,영화 관람,0.89421993,,
서울숲 가족마당,0.62167156,0.65477085,0.8582479,0.8822278,0.8986635,0.91062605,0.8976133,0.8067007,영화 관람,0.91062605,,
성수문화예술마당,0.60575587,0.6522223,0.8563953,0.87288374,0.89025843,0.9036541,0.890676,0.8055527,영화 관람,0.9036541,,
갤러리 허브,0.5352541,0.53199065,0.71096176,0.71252525,0.73828554,0.77719814,0.7422776,0.663431,영화 관람,0.77719814,,
KT&G 상상플래닛,0.6174896,0.6572903,0.8601013,0.8831688,0.8984034,0.90353894,0.89692044,0.8048335,영화 관람,0.90353894,,
한강공원,0.600456,0.6454066,0.8469857,0.8691914,0.8874135,0.8936268,0.88665426,0.799462,영화 관람,0.8936268,,
삼성해맞이공원,0.6138237,0.65632457,0.8586227,0.8747149,0.8884305,0.9002539,0.88768446,0.80864954,영화 관람,0.9002539,,
알비 (ARBY),0.63394165,0.6360414,0.7880585,0.8177258,0.82639694,0.8676743,0.8358611,0.7713959,영화 관람,0.8676743,,
생활문화센터,0.5352541,0.53199065,0.71096176,0.71252525,0.73828554,0.77719814,0.7422776,0.663431,영화 관람,0.77719814,,
서울숲야외무대,0.61700296,0.6487706,0.82701766,0.86143917,0.8768885,0.8803986,0.8764286,0.8089578,영화 관람,0.8803986,,
송파도서관,0.63394165,0.6360414,0.7880585,0.8177258,0.82639694,0.8676743,0.8358611,0.7713959,영화 관람,0.8676743,,
한미사진미술관,0.5814203,0.61897755,0.72206134,0.7272197,0.74685466,0.75925726,0.7396525,0.7316421,영화 관람,0.75925726,,
송파구체육문화회관,0.019673355,0.02463812,-0.023092551,-0.045482367,-0.07614073,-0.06884345,-0.07258713,-0.008205747,박물관,0.02463812,,
한성백제박물관,0.6224314,0.6625749,0.86009836,0.8787641,0.8964584,0.90355444,0.8946073,0.805016,영화 관람,0.90355444,,
롯데월드 가든스테이지,0.63394165,0.6360414,0.7880585,0.8177258,0.82639694,0.8676743,0.8358611,0.7713959,영화 관람,0.8676743,,
롯데월드 아이스링크,0.60796165,0.6465664,0.854777,0.87715346,0.8954224,0.9102522,0.8947376,0.80556095,영화 관람,0.9102522,,
우리금융아트홀,0.6373522,0.67807055,0.81350565,0.8388408,0.83207893,0.8331342,0.84292316,0.7951065,대중 공연,0.84292316,,
송파구청,0.5832749,0.63279814,0.77581406,0.7940067,0.8076672,0.81659704,0.8145095,0.75220966,영화 관람,0.81659704,,
거마도서관,0.6066155,0.65445656,0.84891796,0.87230194,0.8907504,0.9061283,0.89260244,0.80087817,영화 관람,0.9061283,,
잠실종합운동장,0.6118597,0.66354346,0.85649455,0.8752754,0.89181244,0.90483266,0.8925749,0.8147366,영화 관람,0.90483266,,
소나무언덕3호도서관,0.6037804,0.6552768,0.84402585,0.87033963,0.8906858,0.9104263,0.8932413,0.8017503,영화 관람,0.9104263,,
잠실창작스튜디오,0.61673456,0.6525206,0.85602653,0.87989736,0.8955947,0.9046768,0.89519274,0.8026009,영화 관람,0.9046768,,
롯데콘서트홀,0.6191981,0.65920806,0.8589114,0.88504153,0.9033153,0.9126111,0.9026201,0.80703056,영화 관람,0.9126111,,
서울책보고,0.6124663,0.6898829,0.81589985,0.8419055,0.8549397,0.8862463,0.8598906,0.7962463,영화 관람,0.8862463,,
사각사각 플레이스,0.600456,0.6454066,0.8469857,0.8691914,0.8874135,0.8936268,0.88665426,0.799462,영화 관람,0.8936268,,
서울백제어린이박물관,0.6265354,0.64882785,0.8565439,0.8819428,0.8961139,0.90427107,0.8939426,0.7991977,영화 관람,0.90427107,,
서울올림픽기념관,0.6411581,0.67881846,0.8562727,0.87354624,0.8831543,0.88300914,0.88216865,0.8090565,연극 공연,0.8831543,,
송파어린이도서관,0.6273066,0.809957,0.7806512,0.7700493,0.76029,0.78151274,0.77528524,0.7633134,박물관,0.809957,,
소마미술관,0.048873533,0.059387635,-0.0040808553,-0.020956265,-0.0508595,-0.041736376,-0.04083261,0.029158663,박물관,0.059387635,,
롯데월드 어드벤처,0.63394165,0.6360414,0.7880585,0.8177258,0.82639694,0.8676743,0.8358611,0.7713959,영화 관람,0.8676743,,
서울놀이마당,0.6095301,0.65385634,0.8553165,0.88010174,0.8963543,0.90642476,0.8966529,0.80758286,영화 관람,0.90642476,,
송파문화재단,0.63394165,0.6360414,0.7880585,0.8177258,0.82639694,0.8676743,0.8358611,0.7713959,영화 관람,0.8676743,,
소나무언덕4호작은도서관,0.64134926,0.77600527,0.83064514,0.8255761,0.82706594,0.849362,0.8334306,0.7894186,영화 관람,0.849362,,
케이움 갤러리 ,0.63394165,0.6360414,0.7880585,0.8177258,0.82639694,0.8676743,0.8358611,0.7713959,영화 관람,0.8676743,,
송파위례도서관,0.60175866,0.64988077,0.84713614,0.8722117,0.89145607,0.90803635,0.89265615,0.8037717,영화 관람,0.90803635,,
올림픽 체조경기장 (KSPO DOME),0.60904855,0.649064,0.85458183,0.87551844,0.8931147,0.9044107,0.89469004,0.8068769,영화 관람,0.9044107,,
소나무언덕2호도서관,0.642247,0.7719005,0.8345299,0.83125263,0.8337535,0.8544015,0.8394232,0.79242045,영화 관람,0.8544015,,
소나무언덕잠실본동도서관,0.6067816,0.6536014,0.8504436,0.8741816,0.89303374,0.90697366,0.89378583,0.80363566,영화 관람,0.90697366,,
오온,0.63394165,0.6360414,0.7880585,0.8177258,0.82639694,0.8676743,0.8358611,0.7713959,영화 관람,0.8676743,,
송파 청년아티스트센터,0.63394165,0.6360414,0.7880585,0.8177258,0.82639694,0.8676743,0.8358611,0.7713959,영화 관람,0.8676743,,
송파구민회관,0.6014205,0.6386571,0.7838192,0.77795064,0.7799931,0.789225,0.79162574,0.7456467,대중 공연,0.79162574,,
아트잠실,0.63394165,0.6360414,0.7880585,0.8177258,0.82639694,0.8676743,0.8358611,0.7713959,영화 관람,0.8676743,,
서울시농수산식품공사 가락몰 쿠킹스튜디오,0.6273794,0.651814,0.8492202,0.86597216,0.87122303,0.8923069,0.87471926,0.8168478,영화 관람,0.8923069,,
소나무언덕1호작은도서관,0.60305107,0.6524093,0.84636384,0.87138593,0.8915881,0.90856004,0.8930106,0.80163276,영화 관람,0.90856004,,
잠실한강공원,0.6080779,0.65401626,0.85643804,0.8800295,0.89622927,0.9020055,0.8959955,0.80730045,영화 관람,0.9020055,,
석촌호수 아뜰리에,0.6183517,0.67626476,0.8281349,0.8377913,0.8704046,0.897166,0.87018836,0.79585963,영화 관람,0.897166,,
한국광고박물관,0.6130832,0.6508731,0.8501593,0.87584305,0.8944378,0.91102093,0.8929944,0.79953325,영화 관람,0.91102093,,
한바탕소극장,0.6041964,0.65091497,0.84808064,0.8720294,0.8941293,0.9080007,0.89290154,0.79680693,영화 관람,0.9080007,,
송파어린이영어도서관,0.6364537,0.7941731,0.8048994,0.79886127,0.79592323,0.81336164,0.80647373,0.78235936,영화 관람,0.81336164,,
돌마리도서관,0.6025395,0.6529243,0.8468276,0.8725739,0.8924993,0.9089203,0.89425087,0.80335206,영화 관람,0.9089203,,
송파문화원,0.5818553,0.607973,0.82834756,0.8473754,0.8710378,0.8752466,0.8655526,0.77585363,영화 관람,0.8752466,,
송파책박물관,0.60312116,0.65067995,0.85061854,0.8740212,0.89459383,0.9128046,0.8943659,0.8021301,영화 관람,0.9128046,,
갤러리 무모,0.63394165,0.6360414,0.7880585,0.8177258,0.82639694,0.8676743,0.8358611,0.7713959,영화 관람,0.8676743,,
에즈에스아카데미,0.5598836,0.5822191,0.7523594,0.7547941,0.7659471,0.8082915,0.7727945,0.7199471,영화 관람,0.8082915,,
올림픽공원,0.6373522,0.67807055,0.81350565,0.8388408,0.83207893,0.8331342,0.84292316,0.7951065,대중 공연,0.84292316,,
언바운드,0.5887947,0.5971377,0.78707683,0.79601,0.81970495,0.8226419,0.82253176,0.7255826,영화 관람,0.8226419,,
송파글마루도서관,0.60651743,0.65214294,0.84974253,0.8751498,0.8940076,0.90784526,0.8954177,0.8035469,영화 관람,0.90784526,,
양천문화재단,0.6092661,0.6423255,0.85293317,0.8777963,0.8971164,0.89896756,0.8944473,0.79773617,영화 관람,0.89896756,,
한국방송회관 코바코홀,0.5887947,0.5971377,0.78707683,0.79601,0.81970495,0.8226419,0.82253176,0.7255826,영화 관람,0.8226419,,
갈산문화예술센터,0.60986495,0.6577921,0.85743827,0.87371486,0.88808864,0.9033655,0.8886239,0.805325,영화 관람,0.9033655,,
양천구청,0.607728,0.6575316,0.85508186,0.87229806,0.88731253,0.9018032,0.8877623,0.80289006,영화 관람,0.9018032,,
서울문화예술교육센터 양천,0.63394165,0.6360414,0.7880585,0.8177258,0.82639694,0.8676743,0.8358611,0.7713959,영화 관람,0.8676743,,
아리향기작은도서관,0.6089041,0.6685546,0.8259955,0.8449652,0.86454123,0.8859502,0.8658509,0.7924074,영화 관람,0.8859502,,
양천문화원,0.6195024,0.6515137,0.859334,0.8822826,0.89723796,0.9064289,0.8945224,0.80057603,영화 관람,0.9064289,,
겸재정선미술관,0.6189321,0.65409833,0.8567562,0.87954706,0.8968229,0.9050389,0.8976618,0.8042266,영화 관람,0.9050389,,
양천도서관,0.63394165,0.6360414,0.7880585,0.8177258,0.82639694,0.8676743,0.8358611,0.7713959,영화 관람,0.8676743,,
양천문화회관,0.6164248,0.653782,0.85825855,0.8823501,0.9002606,0.90411234,0.8980474,0.8038207,영화 관람,0.90411234,,
생명과학박물관,0.6092756,0.66174304,0.8550972,0.88160384,0.8960635,0.90391564,0.8956163,0.80342513,영화 관람,0.90391564,,
양천중앙도서관,0.5934415,0.6350897,0.8391888,0.8632407,0.8835284,0.8947871,0.8833534,0.7891587,영화 관람,0.8947871,,
개울건강도서관,0.59301114,0.6286218,0.8382443,0.862499,0.88406205,0.89299893,0.88303936,0.78892434,영화 관람,0.89299893,,
미감도서관,0.59190995,0.62956905,0.8375913,0.8625854,0.8844866,0.8949208,0.8840803,0.78851545,영화 관람,0.8949208,,
신영시장,0.59934443,0.64079684,0.84831715,0.87025416,0.8946254,0.910056,0.89230597,0.79988617,영화 관람,0.910056,,
목동운동장,0.60957336,0.6619841,0.8473333,0.8634366,0.8776002,0.89006686,0.88052505,0.81460583,영화 관람,0.89006686,,
건강힐링센터,0.62410885,0.66813004,0.86290824,0.8819344,0.8939563,0.9036523,0.894164,0.8080211,영화 관람,0.9036523,,
서서울호수공원,0.61352456,0.66628414,0.8556025,0.8802003,0.8963768,0.90853775,0.8951183,0.80254424,영화 관람,0.90853775,,
목동종합운동장실내아이스링크,0.60900605,0.64937747,0.8544925,0.8764709,0.89641505,0.9079077,0.8948292,0.80684686,영화 관람,0.9079077,,
문래도서관,0.60376656,0.6453007,0.8481612,0.8703621,0.8904927,0.9058678,0.88991106,0.7987776,영화 관람,0.9058678,,
영등포문화원,0.6095004,0.6573243,0.8549434,0.8743686,0.8941792,0.90802807,0.8918079,0.79806685,영화 관람,0.90802807,,
대림도서관,0.60346437,0.651434,0.848083,0.8685004,0.88883066,0.90576905,0.8889781,0.79973686,영화 관람,0.90576905,,
영등포아트홀,0.63394165,0.6360414,0.7880585,0.8177258,0.82639694,0.8676743,0.8358611,0.7713959,영화 관람,0.8676743,,
국회도서관,0.5827505,0.6196146,0.8277652,0.8490349,0.8717209,0.88292015,0.8717145,0.7775084,영화 관람,0.88292015,,
영등포구청,0.6130542,0.6525639,0.85728985,0.8769,0.8923732,0.9068858,0.89216125,0.80565405,영화 관람,0.9068858,,
여의도한강공원물빛무대,0.5541921,0.5701223,0.7418346,0.7623253,0.7847103,0.7912227,0.7858058,0.7097175,영화 관람,0.7912227,,
아트온더무브,0.6485747,0.66510665,0.86645794,0.87836176,0.89581865,0.90747976,0.8977617,0.81681454,영화 관람,0.90747976,,
문래예술공장,0.6477227,0.7543285,0.8143746,0.8258719,0.81707525,0.84262806,0.8253139,0.7959594,영화 관람,0.84262806,,
영산아트홀,0.63394165,0.6360414,0.7880585,0.8177258,0.82639694,0.8676743,0.8358611,0.7713959,영화 관람,0.8676743,,
하자센터,0.6087802,0.64493376,0.85373735,0.88158727,0.899017,0.90766865,0.8981945,0.803389,영화 관람,0.90766865,,
SeMA 벙커,0.6088573,0.6408792,0.8447937,0.86242837,0.8853468,0.8869426,0.8820204,0.7873447,영화 관람,0.8869426,,
구립영등포아트스퀘어 ,0.5642062,0.5908828,0.7483036,0.7490024,0.7611709,0.80454123,0.7704814,0.7262857,영화 관람,0.80454123,,
술술센터,0.6461375,0.6936544,0.8629328,0.8659624,0.87239003,0.8867748,0.8704414,0.8167828,영화 관람,0.8867748,,
LES601 선유,0.63394165,0.6360414,0.7880585,0.8177258,0.82639694,0.8676743,0.8358611,0.7713959,영화 관람,0.8676743,,
여의도공원,0.60831577,0.67442393,0.85042936,0.879138,0.8926422,0.9005289,0.8923477,0.7955067,영화 관람,0.9005289,,
여의도 한강공원,0.612935,0.6626142,0.85865813,0.8820863,0.8977489,0.90526575,0.8989914,0.8144394,영화 관람,0.90526575,,
콘래드 서울 호텔,0.61071634,0.6445375,0.85276675,0.8824779,0.90084577,0.9044868,0.90078294,0.8024094,영화 관람,0.9044868,,
영등포문화라운지 따따따,0.63248634,0.66447663,0.81156874,0.80380106,0.82362187,0.8541638,0.8237227,0.770666,영화 관람,0.8541638,,
YDP창의예술교육센터,0.63394165,0.6360414,0.7880585,0.8177258,0.82639694,0.8676743,0.8358611,0.7713959,영화 관람,0.8676743,,
영등포평생학습관,0.6407813,0.73806214,0.81796706,0.83031195,0.8401228,0.86450005,0.84536034,0.8017131,영화 관람,0.86450005,,
주한독일문화원,0.60923576,0.6453992,0.85504735,0.8760128,0.8949728,0.9059408,0.8949667,0.8047943,영화 관람,0.9059408,,
용산도시기억전시관,0.6375587,0.6964178,0.8443764,0.8521482,0.8691238,0.8973613,0.87343264,0.8159671,영화 관람,0.8973613,,
노들섬 복합문화공간,0.60618365,0.64268637,0.8500365,0.8749365,0.8955812,0.9053321,0.89395064,0.8010149,영화 관람,0.9053321,,
리움미술관,0.65110385,0.692098,0.8432244,0.84138954,0.85735947,0.8743159,0.8562163,0.79667187,영화 관람,0.8743159,,
서울특별시교육청 남산도서관,0.63394165,0.6360414,0.7880585,0.8177258,0.82639694,0.8676743,0.8358611,0.7713959,영화 관람,0.8676743,,
서울특별시교육청 용산도서관,0.63394165,0.6360414,0.7880585,0.8177258,0.82639694,0.8676743,0.8358611,0.7713959,영화 관람,0.8676743,,
국립한글박물관,0.594764,0.65430915,0.75916564,0.75947475,0.76023674,0.7824412,0.7668423,0.7191323,영화 관람,0.7824412,,
용산아트홀,0.6068764,0.6499624,0.84884906,0.87133217,0.8928022,0.9052105,0.890218,0.8004962,영화 관람,0.9052105,,
스튜디오 콘크리트,0.560881,0.62280613,0.6670691,0.65617293,0.64248455,0.7030225,0.66160256,0.6457168,영화 관람,0.7030225,,
국립극단 소극장 판,0.60853785,0.63989705,0.84989154,0.87337756,0.89224267,0.8899282,0.8886341,0.78816336,연극 공연,0.89224267,,
갈월종합사회복지관,0.63394165,0.6360414,0.7880585,0.8177258,0.82639694,0.8676743,0.8358611,0.7713959,영화 관람,0.8676743,,
필갤러리(Fill Gallery),0.63394165,0.6360414,0.7880585,0.8177258,0.82639694,0.8676743,0.8358611,0.7713959,영화 관람,0.8676743,,
동자아트홀,0.63394165,0.6360414,0.7880585,0.8177258,0.82639694,0.8676743,0.8358611,0.7713959,영화 관람,0.8676743,,
일신홀,0.62911606,0.6457484,0.85415196,0.87243724,0.8890818,0.8869485,0.8884382,0.7923136,연극 공연,0.8890818,,
더줌아트센터,0.63394165,0.6360414,0.7880585,0.8177258,0.82639694,0.8676743,0.8358611,0.7713959,영화 관람,0.8676743,,
용산구 효창사랑 작은도서관,0.622913,0.6479101,0.83866274,0.86516815,0.8843952,0.89265263,0.8918839,0.81401074,영화 관람,0.89265263,,
용산공예관,0.63394165,0.6360414,0.7880585,0.8177258,0.82639694,0.8676743,0.8358611,0.7713959,영화 관람,0.8676743,,
구립용산장애인복지관,0.60801923,0.645468,0.8498857,0.8659057,0.88489795,0.90147233,0.8819858,0.79549634,영화 관람,0.90147233,,
갤러리 비선재,0.6479614,0.6883906,0.85574067,0.8682671,0.8907976,0.91308004,0.89412016,0.81127775,영화 관람,0.91308004,,
용산구립청파도서관,0.6017543,0.644737,0.8483647,0.8710439,0.89138204,0.9071947,0.8915729,0.8013133,영화 관람,0.9071947,,
국립극단 백성희장민호극장,0.60853785,0.63989705,0.84989154,0.87337756,0.89224267,0.8899282,0.8886341,0.78816336,연극 공연,0.89224267,,
팝콘D스퀘어,0.60350084,0.6418389,0.8522618,0.87797856,0.89749205,0.90680784,0.8970654,0.8001354,영화 관람,0.90680784,,
대원 콘텐츠 라이브,0.6239614,0.66698694,0.8631177,0.8810278,0.8983159,0.9072897,0.89885193,0.80483305,영화 관람,0.9072897,,
국립박물관문화재단,0.64638036,0.6615867,0.8093905,0.82132906,0.8190054,0.81451845,0.8255521,0.76232195,대중 공연,0.8255521,,
용산 고래이야기 작은도서관,0.606722,0.6446254,0.8509275,0.8745871,0.89607966,0.90926933,0.89410174,0.8029033,영화 관람,0.90926933,,
용산꿈나무종합타운,0.609295,0.65514463,0.85401785,0.8720534,0.8881916,0.8998262,0.88605034,0.79690206,영화 관람,0.8998262,,
구슬모아당구장,0.56534034,0.5885024,0.7668399,0.7838838,0.80229,0.8108926,0.8063539,0.7344632,영화 관람,0.8108926,,
스페이스 신선,0.63394165,0.6360414,0.7880585,0.8177258,0.82639694,0.8676743,0.8358611,0.7713959,영화 관람,0.8676743,,
갤러리비케이 이태원,0.61350226,0.6484091,0.8526162,0.88048387,0.8968364,0.897999,0.89430773,0.8026692,영화 관람,0.897999,,
김세중미술관,0.58152926,0.6500114,0.80552536,0.81419325,0.83484066,0.8341304,0.82621825,0.7624877,연극 공연,0.83484066,,
시립용산노인종합복지관,0.63394165,0.6360414,0.7880585,0.8177258,0.82639694,0.8676743,0.8358611,0.7713959,영화 관람,0.8676743,,
숙명여자대학교 박물관,0.50935584,0.5461198,0.6545085,0.65697503,0.67920965,0.67646277,0.68091154,0.63690245,대중 공연,0.68091154,,
어반아트,0.61410856,0.6591209,0.8321004,0.8481405,0.85985625,0.8641358,0.85593206,0.78087354,영화 관람,0.8641358,,
숙명여자대학교 정영양자수박물관,0.63394165,0.6360414,0.7880585,0.8177258,0.82639694,0.8676743,0.8358611,0.7713959,영화 관람,0.8676743,,
백범김구기념관,0.6339531,0.6597834,0.86145437,0.8797626,0.89341986,0.9033162,0.8925054,0.8025328,영화 관람,0.9033162,,
용산문화원,0.60048556,0.6475037,0.8499306,0.8743842,0.89450246,0.9036375,0.89231104,0.8030969,영화 관람,0.9036375,,
드플로허,0.64590657,0.6876786,0.8453493,0.8628787,0.88803864,0.91293645,0.88586175,0.8056452,영화 관람,0.91293645,,
임수빈갤러리,0.61092806,0.691936,0.8266327,0.8482885,0.8652012,0.8726281,0.86382264,0.77996266,영화 관람,0.8726281,,
서울문화예술교육센터 용산,0.63394165,0.6360414,0.7880585,0.8177258,0.82639694,0.8676743,0.8358611,0.7713959,영화 관람,0.8676743,,
청년공간 바라,0.64249456,0.6839752,0.8616211,0.87584585,0.8979679,0.9271006,0.8944368,0.82204103,영화 관람,0.9271006,,
블루스퀘어,0.55905104,0.5895946,0.7209604,0.71694374,0.72269166,0.7002138,0.716797,0.6723825,연극 공연,0.72269166,,
한익환서울아트박물관,0.6308339,0.69346726,0.8379719,0.8464246,0.86823905,0.8961691,0.8675422,0.7909007,영화 관람,0.8961691,,
서울시립청소년미디어센터,0.6163572,0.64574754,0.8580387,0.8788028,0.9001115,0.9072418,0.8980496,0.80564594,영화 관람,0.9072418,,
N서울타워,0.6375413,0.667389,0.8409318,0.85857487,0.8783385,0.88574636,0.8763045,0.80719006,영화 관람,0.88574636,,
알부스갤러리,0.6076454,0.6502578,0.85304105,0.88007516,0.89783716,0.90792024,0.8951101,0.7970816,영화 관람,0.90792024,,
용암어린이영어도서관,0.6094048,0.66111517,0.8550921,0.87606645,0.8945507,0.9075346,0.89348006,0.803445,영화 관람,0.9075346,,
용산역사박물관,0.6122632,0.65538096,0.8562282,0.88023424,0.8981559,0.90824294,0.8953515,0.8037375,영화 관람,0.90824294,,
식민지역사박물관,0.63394165,0.6360414,0.7880585,0.8177258,0.82639694,0.8676743,0.8358611,0.7713959,영화 관람,0.8676743,,
갤러리필로소피,0.63394165,0.6360414,0.7880585,0.8177258,0.82639694,0.8676743,0.8358611,0.7713959,영화 관람,0.8676743,,
KP Gallery,0.63394165,0.6360414,0.7880585,0.8177258,0.82639694,0.8676743,0.8358611,0.7713959,영화 관람,0.8676743,,
용산어린이정원,0.63394165,0.6360414,0.7880585,0.8177258,0.82639694,0.8676743,0.8358611,0.7713959,영화 관람,0.8676743,,
갤러리자유(Gallery Jayu),0.6550383,0.7007992,0.8494286,0.86113226,0.87186325,0.8996871,0.87038785,0.7984258,영화 관람,0.8996871,,
갤러리 조은,0.5894723,0.650832,0.79558897,0.81324184,0.8311703,0.8305478,0.82798296,0.7534551,연극 공연,0.8311703,,
구립은평뉴타운도서관,0.6270298,0.66009045,0.85644525,0.87831265,0.8928754,0.9053345,0.89266783,0.80165625,영화 관람,0.9053345,,
구립증산정보도서관,0.6103065,0.64935917,0.85663736,0.880097,0.8994252,0.91352475,0.89812297,0.80413127,영화 관람,0.91352475,,
은평구립도서관,0.6071763,0.65143615,0.85349464,0.8782178,0.89562726,0.90761137,0.89498997,0.80250597,영화 관람,0.90761137,,
은평역사한옥박물관,0.5876263,0.6106981,0.83067715,0.8480503,0.87007964,0.87620556,0.8669093,0.77704847,영화 관람,0.87620556,,
내를 건너서 숲으로 도서관,0.6098947,0.64555955,0.8545508,0.88049066,0.899989,0.9092399,0.8996608,0.8041311,영화 관람,0.9092399,,
은평구청소년문화의집 신나는애프터센터,0.63106304,0.6484573,0.8641279,0.8840085,0.9001534,0.90406483,0.8963788,0.80420643,영화 관람,0.90406483,,
서울금성당 샤머니즘박물관,0.5900166,0.6324373,0.84309226,0.8623606,0.8842244,0.8914173,0.88136166,0.78431875,영화 관람,0.8914173,,
사비나미술관,0.63394165,0.6360414,0.7880585,0.8177258,0.82639694,0.8676743,0.8358611,0.7713959,영화 관람,0.8676743,,
수색동 주민센터(다목적실),0.5991212,0.6402914,0.8469821,0.86621815,0.89168036,0.90678453,0.8904665,0.79990834,영화 관람,0.90678453,,
구립구산동도서관마을,0.6026784,0.64202255,0.8415272,0.8636516,0.8849086,0.8930794,0.88228405,0.78789854,영화 관람,0.8930794,,
구립상림도서관,0.61336243,0.6700303,0.8535714,0.8738719,0.8917445,0.908172,0.8918574,0.8024191,영화 관람,0.908172,,
아트숨비센터 ,0.61939543,0.6535957,0.8602541,0.88475794,0.8982862,0.9031117,0.89688957,0.80036795,영화 관람,0.9031117,,
다문화박물관,0.58234096,0.61984944,0.83559126,0.85516876,0.877428,0.88560575,0.87512666,0.7842887,영화 관람,0.88560575,,
맛동,0.62496376,0.65274537,0.8590523,0.8816974,0.89567196,0.90868074,0.89487714,0.8046747,영화 관람,0.90868074,,
제1서울창의예술교육센터 ,0.6459563,0.68970287,0.84892553,0.84901214,0.8646896,0.8865728,0.87004626,0.8062389,영화 관람,0.8865728,,
서울기록원,0.63394165,0.6360414,0.7880585,0.8177258,0.82639694,0.8676743,0.8358611,0.7713959,영화 관람,0.8676743,,
구립응암정보도서관,0.61047757,0.648431,0.8504288,0.87325877,0.890784,0.9014586,0.8882463,0.7981492,영화 관람,0.9014586,,
은평구평생학습관,0.60720193,0.64420986,0.853632,0.8663185,0.8893431,0.90593505,0.8859425,0.79865664,영화 관람,0.90593505,,
불광천미디어센터,0.6163509,0.6530564,0.8635241,0.8837855,0.900301,0.9063057,0.8972938,0.80573684,영화 관람,0.9063057,,
공유공간 자기만의방,0.63394165,0.6360414,0.7880585,0.8177258,0.82639694,0.8676743,0.8358611,0.7713959,영화 관람,0.8676743,,
카페 쓸,0.63394165,0.6360414,0.7880585,0.8177258,0.82639694,0.8676743,0.8358611,0.7713959,영화 관람,0.8676743,,
삼각산금암미술관,0.61022687,0.6775882,0.8532882,0.8751917,0.8941203,0.9049008,0.892141,0.79996794,영화 관람,0.9049008,,
은평한옥마을어울림터,0.609385,0.6663974,0.84804255,0.8682643,0.8897196,0.9011272,0.8881661,0.7946818,영화 관람,0.9011272,,
동숭무대,0.60270625,0.64342976,0.84978616,0.8718699,0.8950708,0.90835893,0.8915985,0.80298835,영화 관람,0.90835893,,
아르코미술관,0.61700296,0.6487706,0.82701766,0.86143917,0.8768885,0.8803986,0.8764286,0.8089578,영화 관람,0.8803986,,
공평도시유적전시관,0.61572117,0.65579915,0.8546327,0.8780454,0.89504725,0.9037228,0.8958645,0.8057591,영화 관람,0.9037228,,
세종문화회관,0.65087545,0.6669439,0.8458651,0.8600164,0.85632944,0.8604717,0.86616224,0.80838275,대중 공연,0.86616224,,
갤러리 라메르,0.5541921,0.5701223,0.7418346,0.7623253,0.7847103,0.7912227,0.7858058,0.7097175,영화 관람,0.7912227,,
종로구민회관,0.58227676,0.6410135,0.82859373,0.83955336,0.8635517,0.873948,0.8631125,0.7675256,영화 관람,0.873948,,
예술가의집,0.6285126,0.6410804,0.8372124,0.8343379,0.84063363,0.84645224,0.8445472,0.7729647,영화 관람,0.84645224,,
가람화랑,0.6387225,0.67249215,0.83703434,0.856308,0.8711637,0.8800518,0.8690978,0.7955841,영화 관람,0.8800518,,
서울연극센터,0.62102115,0.6594626,0.860086,0.88641304,0.90364575,0.9106069,0.90215194,0.80771244,영화 관람,0.9106069,,
서울특별시교육청 종로도서관,0.63394165,0.6360414,0.7880585,0.8177258,0.82639694,0.8676743,0.8358611,0.7713959,영화 관람,0.8676743,,
올림픽기념국민생활관,0.58227676,0.6410135,0.82859373,0.83955336,0.8635517,0.873948,0.8631125,0.7675256,영화 관람,0.873948,,
국립현대미술관 서울,0.62132806,0.6501749,0.8571656,0.8836128,0.90200055,0.9053364,0.90102756,0.8026922,영화 관람,0.9053364,,
종로문화원,0.5361259,0.5659343,0.7425517,0.74987775,0.77678734,0.7998076,0.7794697,0.6990275,영화 관람,0.7998076,,
서울특별시교육청 어린이도서관,0.63394165,0.6360414,0.7880585,0.8177258,0.82639694,0.8676743,0.8358611,0.7713959,영화 관람,0.8676743,,
광화문아트홀,0.58227676,0.6410135,0.82859373,0.83955336,0.8635517,0.873948,0.8631125,0.7675256,영화 관람,0.873948,,
극장동국,0.6826974,0.7249341,0.8748867,0.9099707,0.9188114,0.9232003,0.92791677,0.8521309,대중 공연,0.92791677,,
한국사회과학도서관,0.5794076,0.61067885,0.83209085,0.84996563,0.8733137,0.87871325,0.870071,0.77676,영화 관람,0.87871325,,
학고재,0.6306771,0.73892915,0.81020474,0.8343272,0.8262745,0.8525431,0.82802474,0.77615273,영화 관람,0.8525431,,
국립고궁박물관,0.6226256,0.6760239,0.8583375,0.88201654,0.8948246,0.9052514,0.89387965,0.80547154,영화 관람,0.9052514,,
떡박물관,0.6042246,0.6488408,0.8516872,0.87515336,0.89457864,0.9060537,0.89311564,0.7983557,영화 관람,0.9060537,,
누하동 259,0.63394165,0.6360414,0.7880585,0.8177258,0.82639694,0.8676743,0.8358611,0.7713959,영화 관람,0.8676743,,
노화랑,0.6415043,0.69185776,0.8155552,0.8433124,0.8439799,0.87130934,0.846624,0.79261756,영화 관람,0.87130934,,
북촌문화센터,0.6462976,0.73014975,0.846464,0.86045575,0.8698812,0.8971641,0.88062245,0.830733,영화 관람,0.8971641,,
더 소호,0.5447985,0.56127155,0.7207583,0.7180547,0.7337027,0.7331979,0.73047453,0.7008763,연극 공연,0.7337027,,
킵인터치,0.62921095,0.66248274,0.85328984,0.8721576,0.88700247,0.89783764,0.8854232,0.8204411,영화 관람,0.89783764,,
LG상남도서관,0.54143894,0.5588219,0.7166855,0.72552174,0.73162174,0.7550161,0.7326292,0.66145384,영화 관람,0.7550161,,
목인박물관 목석원,0.5809147,0.61667615,0.83121747,0.85072374,0.8757661,0.8816022,0.8711006,0.77501786,영화 관람,0.8816022,,
숭인근린공원,0.11595707,0.112251684,0.06526032,0.056489278,0.02819393,0.020221889,0.049592234,0.11600297,운동 경기,0.11600297,,
상명아트센터,0.6069262,0.66649544,0.8493742,0.87114096,0.89426625,0.90952003,0.8918731,0.8019014,영화 관람,0.90952003,,
운현궁,0.6110647,0.66486144,0.8536332,0.87045515,0.8888345,0.9015418,0.88786495,0.8001354,영화 관람,0.9015418,,
갤러리 가이아,0.632191,0.6493603,0.8347614,0.8505887,0.8640543,0.871724,0.8614585,0.77637506,영화 관람,0.871724,,
두산아트센터 연강홀,0.62620556,0.65841985,0.8608718,0.88357526,0.9007611,0.9096087,0.8995758,0.80399585,영화 관람,0.9096087,,
뮤지엄김치간,0.6329963,0.6873192,0.8463099,0.8602749,0.87492454,0.8865028,0.8777807,0.811437,영화 관람,0.8865028,,
국제갤러리,0.54113865,0.5850444,0.69978064,0.71245354,0.7026353,0.7117135,0.7040926,0.6629065,전통 예술 공연,0.71245354,,
아웃사이트(out_sight),0.63394165,0.6360414,0.7880585,0.8177258,0.82639694,0.8676743,0.8358611,0.7713959,영화 관람,0.8676743,,
인사아트센터,0.6555131,0.6753977,0.84118974,0.85487187,0.86063266,0.85916525,0.85987914,0.7976047,연극 공연,0.86063266,,
갤러리 도올,0.4697996,0.46287727,0.5565007,0.5547476,0.5455665,0.53402495,0.5475938,0.5460075,음악 및 무용 발표회,0.5565007,,
아트선재센터,0.6259637,0.6558275,0.85899913,0.87519693,0.8947712,0.8997037,0.89038455,0.8009301,영화 관람,0.8997037,,
한양도성박물관,0.6156937,0.65330094,0.8529978,0.8709413,0.8871929,0.89432275,0.8841985,0.7938272,영화 관람,0.89432275,,
가나아트센터,0.6129065,0.65468043,0.8425696,0.8644085,0.86972874,0.8796264,0.86867476,0.77620566,영화 관람,0.8796264,,
유담헌,0.6005675,0.64338565,0.8512621,0.87060106,0.8938099,0.9093967,0.89023924,0.79843956,영화 관람,0.9093967,,
동덕아트갤러리,0.6134692,0.6830057,0.84690714,0.85739255,0.87773895,0.8985138,0.8737627,0.8016309,영화 관람,0.8985138,,
토포하우스,0.6454887,0.670957,0.8412043,0.85523,0.85470355,0.85032684,0.8536599,0.7900935,전통 예술 공연,0.85523,,
홍익대 대학로 아트센터,0.58832777,0.6117643,0.73766255,0.7639437,0.7577014,0.7770724,0.76409054,0.72504544,영화 관람,0.7770724,,
쉼박물관,0.60330176,0.66965985,0.8320793,0.84793377,0.87038976,0.8815652,0.8652129,0.78102195,영화 관람,0.8815652,,
아름꿈도서관,0.6141633,0.6564727,0.85768765,0.88109136,0.8973429,0.9022652,0.8973289,0.80464447,영화 관람,0.9022652,,
우리소리도서관,0.61860096,0.6433258,0.81006575,0.8210118,0.82485944,0.8222053,0.8347311,0.77200246,대중 공연,0.8347311,,
국립경찰박물관,0.55974716,0.5863806,0.8003733,0.8084701,0.8291089,0.8318453,0.82306814,0.74297523,영화 관람,0.8318453,,
국립민속박물관,0.60422695,0.64838254,0.84954774,0.8729722,0.8919907,0.9027138,0.8923317,0.7976059,영화 관람,0.9027138,,
윤동주문학관,0.6259669,0.6653055,0.8220569,0.84146976,0.84560406,0.8476474,0.8545803,0.7920747,대중 공연,0.8545803,,
호경재,0.6020675,0.65958333,0.85228646,0.87803304,0.89644194,0.90534973,0.8938971,0.7985109,영화 관람,0.90534973,,
서울교육박물관,0.6111901,0.65754217,0.8518337,0.8756575,0.89434654,0.90910757,0.89346635,0.8082812,영화 관람,0.90910757,,
세운협업지원센터,0.5887947,0.5971377,0.78707683,0.79601,0.81970495,0.8226419,0.82253176,0.7255826,영화 관람,0.8226419,,
서울무형유산교육전시장,0.6557826,0.6760986,0.82641006,0.8564317,0.8526053,0.8527552,0.86318696,0.7826235,대중 공연,0.86318696,,
부암아트,0.59837765,0.63319755,0.8154158,0.8417276,0.86032736,0.8927926,0.85797906,0.77016443,영화 관람,0.8927926,,
갤러리현대,0.63394165,0.6360414,0.7880585,0.8177258,0.82639694,0.8676743,0.8358611,0.7713959,영화 관람,0.8676743,,
조계사,0.60592103,0.63458836,0.84790325,0.86629856,0.88249123,0.8907248,0.88158053,0.79027927,영화 관람,0.8907248,,
신문박물관PRESSEUM,0.65976,0.7017858,0.84727424,0.8540984,0.86194104,0.85618925,0.85857743,0.8020328,연극 공연,0.86194104,,
갤러리세줄,0.60006326,0.65084475,0.84465235,0.8659269,0.888097,0.9044874,0.88582265,0.7970357,영화 관람,0.9044874,,
동산방화랑,0.58864796,0.6482803,0.7913941,0.801679,0.8087844,0.82184637,0.80451626,0.749413,영화 관람,0.82184637,,
가톨릭대학교 전례박물관,0.5387369,0.5834091,0.71543664,0.7280834,0.7436665,0.7404424,0.7357477,0.7253365,연극 공연,0.7436665,,
두산갤러리,0.6201815,0.65153086,0.85625756,0.87770677,0.89342004,0.9036251,0.89197254,0.7976766,영화 관람,0.9036251,,
주한일본대사관 공보문화원,0.5264081,0.5836858,0.7579845,0.7700026,0.78802794,0.82234365,0.7964152,0.7239827,영화 관람,0.82234365,,
관훈갤러리,0.6273087,0.6549791,0.8584749,0.8805039,0.89572144,0.89412284,0.89213973,0.7944931,연극 공연,0.89572144,,
금호미술관,0.63909435,0.71167564,0.81446445,0.81442463,0.81955147,0.8404275,0.82248706,0.77625,영화 관람,0.8404275,,
선돌극장,0.68159616,0.7913933,0.8435844,0.8552351,0.85069644,0.8364186,0.8552822,0.8054973,대중 공연,0.8552822,,
정독도서관,0.63394165,0.6360414,0.7880585,0.8177258,0.82639694,0.8676743,0.8358611,0.7713959,영화 관람,0.8676743,,
토탈미술관,0.60493475,0.6602348,0.8501648,0.86954665,0.89013654,0.9063123,0.8896151,0.7998299,영화 관람,0.9063123,,
갤러리미즈,0.63487303,0.75891286,0.7649395,0.78916025,0.76060635,0.79886067,0.77911156,0.73415756,영화 관람,0.79886067,,
블루레인 라운지,0.63394165,0.6360414,0.7880585,0.8177258,0.82639694,0.8676743,0.8358611,0.7713959,영화 관람,0.8676743,,
아트사이드 갤러리,0.59976,0.64333457,0.8276368,0.84702426,0.86355793,0.876483,0.8698399,0.80374086,영화 관람,0.876483,,
일민미술관,0.61117136,0.65411663,0.85446626,0.8759042,0.8955276,0.9025093,0.8922883,0.7991555,영화 관람,0.9025093,,
동숭아트센터,0.66373557,0.735131,0.87326694,0.8956295,0.89236665,0.8951551,0.90004265,0.85612404,대중 공연,0.90004265,,
연우소극장,0.60619235,0.6451662,0.85089684,0.8683429,0.8937516,0.9068549,0.88919073,0.7981384,영화 관람,0.9068549,,
조형갤러리,0.53907335,0.5789986,0.7441347,0.74592495,0.77042836,0.7784392,0.7670708,0.6865612,영화 관람,0.7784392,,
성곡미술관,0.5541921,0.5701223,0.7418346,0.7623253,0.7847103,0.7912227,0.7858058,0.7097175,영화 관람,0.7912227,,
인사아트프라자갤러리,0.65157497,0.6768482,0.8562939,0.86870426,0.87384546,0.89645207,0.8761373,0.7988118,영화 관람,0.89645207,,
PKM 갤러리,0.5779905,0.61240536,0.6993466,0.71906936,0.70694304,0.72226095,0.7114631,0.6575018,영화 관람,0.72226095,,
대학로연습실,0.6135928,0.64101875,0.83796275,0.84206444,0.8688437,0.87552357,0.8622624,0.8031462,영화 관람,0.87552357,,
서울대학교 치의학대학원 치의학박물관,0.5541921,0.5701223,0.7418346,0.7623253,0.7847103,0.7912227,0.7858058,0.7097175,영화 관람,0.7912227,,
대림미술관,0.56534034,0.5885024,0.7668399,0.7838838,0.80229,0.8108926,0.8063539,0.7344632,영화 관람,0.8108926,,
아트센터 나비,0.6485117,0.66256684,0.803278,0.8233666,0.8248759,0.8173164,0.82524794,0.76350963,대중 공연,0.82524794,,
선화랑,0.601022,0.6289881,0.8187504,0.84452486,0.837926,0.85263133,0.8437996,0.78088534,영화 관람,0.85263133,,
세계장신구박물관,0.7087487,0.72882116,0.8893235,0.9012619,0.8980933,0.8953604,0.89854205,0.831671,전통 예술 공연,0.9012619,,
환기미술관,0.60566986,0.6505753,0.8529991,0.8752314,0.8950019,0.9054916,0.89277893,0.80045676,영화 관람,0.9054916,,
북촌박물관,0.5531986,0.621667,0.7574965,0.7710376,0.7590678,0.7878476,0.77130663,0.7169807,영화 관람,0.7878476,,
영인문학관,0.60013855,0.6600355,0.8197448,0.83568263,0.83453125,0.85897714,0.842685,0.7724902,영화 관람,0.85897714,,
보나장신구박물관,0.63394165,0.6360414,0.7880585,0.8177258,0.82639694,0.8676743,0.8358611,0.7713959,영화 관람,0.8676743,,
상명대학교 박물관,0.63740337,0.6853936,0.8470764,0.86071825,0.8702321,0.8791724,0.87225294,0.7991767,영화 관람,0.8791724,,
서울돈화문국악당,0.61642885,0.64664054,0.8501032,0.8728096,0.89083576,0.89517885,0.8885308,0.79309386,영화 관람,0.89517885,,
두산아트센터 스페이스111,0.62620556,0.65841985,0.8608718,0.88357526,0.9007611,0.9096087,0.8995758,0.80399585,영화 관람,0.9096087,,
서울우리소리박물관,0.63394165,0.6360414,0.7880585,0.8177258,0.82639694,0.8676743,0.8358611,0.7713959,영화 관람,0.8676743,,
서울생활문화센터 낙원,0.63394165,0.6360414,0.7880585,0.8177258,0.82639694,0.8676743,0.8358611,0.7713959,영화 관람,0.8676743,,
서울생활문화센터 체부,0.6125836,0.6593394,0.8545264,0.873285,0.8926115,0.9073993,0.89168483,0.80472267,영화 관람,0.9073993,,
종로구립 고희동미술관,0.61860096,0.6433258,0.81006575,0.8210118,0.82485944,0.8222053,0.8347311,0.77200246,대중 공연,0.8347311,,
북촌전통공예체험관,0.60985434,0.6615633,0.85534185,0.8803544,0.89485663,0.9014599,0.8945134,0.80598325,영화 관람,0.9014599,,
유니플렉스,0.5456879,0.57850486,0.7447469,0.7467748,0.77320397,0.7511015,0.76192164,0.6955627,연극 공연,0.77320397,,
서울역사박물관 경교장(사적 제465호),0.6204804,0.6582292,0.8591275,0.8806541,0.8967671,0.9056466,0.8977512,0.8085388,영화 관람,0.9056466,,
북촌한옥역사관,0.63394165,0.6360414,0.7880585,0.8177258,0.82639694,0.8676743,0.8358611,0.7713959,영화 관람,0.8676743,,
서울관광플라자,0.60326076,0.63436174,0.8481578,0.8709867,0.8905847,0.9003395,0.8904943,0.7965981,영화 관람,0.9003395,,
종로문화재단,0.61860096,0.6433258,0.81006575,0.8210118,0.82485944,0.8222053,0.8347311,0.77200246,대중 공연,0.8347311,,
광화문광장,0.6043147,0.64332724,0.84955394,0.8738033,0.89054704,0.8981663,0.88946223,0.7993974,영화 관람,0.8981663,,
인사1010 갤러리,0.63394165,0.6360414,0.7880585,0.8177258,0.82639694,0.8676743,0.8358611,0.7713959,영화 관람,0.8676743,,
한식문화공간 이음,0.46179983,0.48047575,0.61359835,0.623912,0.640875,0.6255149,0.6390313,0.61473906,연극 공연,0.640875,,
갤러리240,0.63394165,0.6360414,0.7880585,0.8177258,0.82639694,0.8676743,0.8358611,0.7713959,영화 관람,0.8676743,,
종로구립 박노수미술관,0.6244985,0.6634263,0.82012004,0.8398456,0.8434253,0.8460653,0.8525492,0.7915491,대중 공연,0.8525492,,
동방뮤지컬컴퍼니,0.6150409,0.64960724,0.8523209,0.8782315,0.9053149,0.9109802,0.90131515,0.79874665,영화 관람,0.9109802,,
종로 아이들극장,0.6235857,0.6497089,0.8568938,0.8806246,0.90081555,0.899148,0.8961263,0.79514974,연극 공연,0.90081555,,
청운문학도서관,0.61860096,0.6433258,0.81006575,0.8210118,0.82485944,0.8222053,0.8347311,0.77200246,대중 공연,0.8347311,,
서울시립 미술아카이브,0.6139716,0.64900684,0.85578203,0.87843883,0.89655185,0.9078881,0.8949047,0.8022397,영화 관람,0.9078881,,
백남준기념관,0.6202056,0.6665983,0.8577132,0.8745967,0.8939481,0.904955,0.8907839,0.80548936,영화 관람,0.904955,,
삼청공원 숲속도서관,0.6026513,0.6671207,0.8477583,0.871281,0.8877623,0.90295035,0.8884295,0.7982576,영화 관람,0.90295035,,
계동배렴가옥,0.5887947,0.5971377,0.78707683,0.79601,0.81970495,0.8226419,0.82253176,0.7255826,영화 관람,0.8226419,,
아라리오뮤지엄 인 스페이스,0.6142614,0.6522022,0.8574234,0.8774158,0.8970679,0.9114063,0.89498585,0.8093716,영화 관람,0.9114063,,
불교중앙박물관,0.6337184,0.67619014,0.8666427,0.8822863,0.89548254,0.90357524,0.8933466,0.80419505,영화 관람,0.90357524,,
경희궁,0.58395714,0.6582105,0.7426373,0.75972354,0.7678604,0.7978624,0.7741004,0.7436876,영화 관람,0.7978624,,
서울시민대학 중부권 캠퍼스,0.63394165,0.6360414,0.7880585,0.8177258,0.82639694,0.8676743,0.8358611,0.7713959,영화 관람,0.8676743,,
백인제가옥,0.61763185,0.6574089,0.8568054,0.8787799,0.89568746,0.90505064,0.89627,0.8067569,영화 관람,0.90505064,,
북촌한옥청,0.606753,0.6534399,0.8546881,0.8754947,0.8945861,0.90510845,0.892872,0.8038716,영화 관람,0.90510845,,
가회민화박물관,0.5265362,0.56123906,0.7318847,0.74009746,0.7654721,0.78920573,0.76839757,0.68952775,영화 관람,0.78920573,,
북촌생활사박물관,0.6583878,0.695339,0.8443086,0.8782444,0.8866304,0.8976579,0.8887032,0.82023346,영화 관람,0.8976579,,
세종충무공이야기,0.61757433,0.6437072,0.8595234,0.8804408,0.89735126,0.9031243,0.89620143,0.8055817,영화 관람,0.9031243,,
민송아트홀,0.59692633,0.6579033,0.79898936,0.8241631,0.84088427,0.8343204,0.84272134,0.7555844,대중 공연,0.84272134,,
춘원당한의약박물관,0.62560433,0.66070336,0.8578908,0.88482875,0.89903665,0.90605056,0.89567626,0.8049218,영화 관람,0.90605056,,
삼성출판박물관,0.5541921,0.5701223,0.7418346,0.7623253,0.7847103,0.7912227,0.7858058,0.7097175,영화 관람,0.7912227,,
안국동 윤보선가,0.61172146,0.6683265,0.85512924,0.8793986,0.8927739,0.89969426,0.8925775,0.8041184,영화 관람,0.89969426,,
창경궁,0.6048293,0.6870482,0.8512251,0.8734643,0.8895853,0.9016555,0.8883802,0.79999757,영화 관람,0.9016555,,
명인박물관,0.5541921,0.5701223,0.7418346,0.7623253,0.7847103,0.7912227,0.7858058,0.7097175,영화 관람,0.7912227,,
북촌도시재생지원센터 가회동 공공한옥,0.6299496,0.67867494,0.84184337,0.8365656,0.85991895,0.8908947,0.86063683,0.79905367,영화 관람,0.8908947,,
한무숙문학관,0.59261984,0.6426326,0.8416182,0.8601049,0.88073117,0.89256936,0.8789007,0.78776634,영화 관람,0.89256936,,
북촌동양문화박물관,0.63387287,0.6966943,0.84716374,0.85105073,0.8725672,0.89538157,0.8695439,0.79613304,영화 관람,0.89538157,,
서울 명륜동 장면 가옥 ,0.6107104,0.66632605,0.85672295,0.88214695,0.89640725,0.9013578,0.8956398,0.805329,영화 관람,0.9013578,,
경복궁 수정전,0.5977966,0.65379494,0.84594655,0.87168896,0.89058506,0.9039711,0.8889638,0.8011881,영화 관람,0.9039711,,
세화미술관,0.6214212,0.6507291,0.8575704,0.882037,0.9007062,0.90929216,0.89860594,0.8033446,영화 관람,0.90929216,,
종묘,0.6000701,0.6500706,0.8487618,0.87253404,0.89471644,0.9097398,0.89350635,0.80335915,영화 관람,0.9097398,,
대우재단빌딩 ORBIS,0.6060241,0.6391847,0.85305434,0.8721344,0.8933948,0.9076777,0.89049226,0.7976942,영화 관람,0.9076777,,
의정부지 역사유적광장,0.63609767,0.65742254,0.81242645,0.82397985,0.8263265,0.8186957,0.8262438,0.7781522,연극 공연,0.8263265,,
서울아트센터 도암홀,0.5887947,0.5971377,0.78707683,0.79601,0.81970495,0.8226419,0.82253176,0.7255826,영화 관람,0.8226419,,
상촌재,0.61860096,0.6433258,0.81006575,0.8210118,0.82485944,0.8222053,0.8347311,0.77200246,대중 공연,0.8347311,,
북촌창우극장,0.59737897,0.64408433,0.8451245,0.86876917,0.89221835,0.90683436,0.8889166,0.79660904,영화 관람,0.90683436,,
서울역사박물관,0.5868263,0.6605406,0.78659266,0.8260864,0.835832,0.8781183,0.83852327,0.76932406,영화 관람,0.8781183,,
갤러리 마리 GALLERY MARIE,0.59788454,0.6542781,0.81346095,0.81734574,0.8329131,0.84770465,0.8310402,0.75531864,영화 관람,0.84770465,,
예술공간혜화,0.63394165,0.6360414,0.7880585,0.8177258,0.82639694,0.8676743,0.8358611,0.7713959,영화 관람,0.8676743,,
공공룸,0.63394165,0.6360414,0.7880585,0.8177258,0.82639694,0.8676743,0.8358611,0.7713959,영화 관람,0.8676743,,
한국색동박물관,0.60795367,0.6516907,0.85252637,0.87503034,0.89536136,0.90988696,0.89333594,0.79980534,영화 관람,0.90988696,,
엠스테이지,0.60093385,0.63701093,0.8486867,0.88036734,0.89687073,0.9018441,0.89726055,0.79905295,영화 관람,0.9018441,,
광화문라운지,0.5724546,0.6115329,0.7882686,0.80194527,0.83005106,0.8356141,0.8290865,0.7628464,영화 관람,0.8356141,,
대학로자유극장,0.6087433,0.6517743,0.8517143,0.8740009,0.8984004,0.9099815,0.8950497,0.798656,영화 관람,0.9099815,,
마로니에 야외공연장,0.6205288,0.65574837,0.8157594,0.83445024,0.8363304,0.8329494,0.8463219,0.7762972,대중 공연,0.8463219,,
서울시립교향악단,0.6137986,0.64767957,0.8608786,0.88470095,0.901569,0.907766,0.9004382,0.8095889,영화 관람,0.907766,,
CN갤러리 (충남문화예술 서울전시장),0.5887947,0.5971377,0.78707683,0.79601,0.81970495,0.8226419,0.82253176,0.7255826,영화 관람,0.8226419,,
마루아트센터,0.63394165,0.6360414,0.7880585,0.8177258,0.82639694,0.8676743,0.8358611,0.7713959,영화 관람,0.8676743,,
JCC 아트센터,-0.0049805865,0.0043197386,-0.050304323,-0.08360346,-0.09792273,-0.09502198,-0.10052353,-0.04616244,박물관,0.0043197386,,
어린이청소년 국학도서관,0.61860096,0.6433258,0.81006575,0.8210118,0.82485944,0.8222053,0.8347311,0.77200246,대중 공연,0.8347311,,
홍난파가옥,0.5224391,0.5595031,0.7398986,0.7372321,0.7652451,0.7899224,0.76719624,0.6877988,영화 관람,0.7899224,,
짚풀생활사박물관,0.5770881,0.612098,0.82759076,0.84343314,0.8684279,0.87249315,0.86240923,0.7708741,영화 관람,0.87249315,,
갤러리 모나리자 산촌,0.63394165,0.6360414,0.7880585,0.8177258,0.82639694,0.8676743,0.8358611,0.7713959,영화 관람,0.8676743,,
한예극장,0.6076909,0.6590787,0.8445703,0.8664423,0.88927966,0.906638,0.88743937,0.79424113,영화 관람,0.906638,,
돈의문박물관마을,0.5887947,0.5971377,0.78707683,0.79601,0.81970495,0.8226419,0.82253176,0.7255826,영화 관람,0.8226419,,
서촌라운지,0.63394165,0.6360414,0.7880585,0.8177258,0.82639694,0.8676743,0.8358611,0.7713959,영화 관람,0.8676743,,
링크아트센터,0.5097729,0.515387,0.5508327,0.55334294,0.5456823,0.53766775,0.5620599,0.5509087,대중 공연,0.5620599,,
링크아트센터드림,0.630792,0.6627672,0.85606205,0.8700317,0.8933816,0.9177027,0.89548564,0.82252634,영화 관람,0.9177027,,
화정박물관,0.5975862,0.63392514,0.81525636,0.84129274,0.8587994,0.86963975,0.8622813,0.78484166,영화 관람,0.86963975,,
 황학정 국궁전시관,0.61860096,0.6433258,0.81006575,0.8210118,0.82485944,0.8222053,0.8347311,0.77200246,대중 공연,0.8347311,,
삼청공원,0.5441121,0.5777577,0.71960795,0.7378845,0.7337023,0.7402673,0.7398268,0.6931335,영화 관람,0.7402673,,
아르코예술극장,0.618202,0.64750564,0.85755223,0.8795725,0.90365297,0.9128641,0.8999176,0.80617994,영화 관람,0.9128641,,
보신각,0.63692725,0.66462934,0.8426798,0.86236036,0.87100315,0.86497664,0.87267387,0.7998457,대중 공연,0.87267387,,
갤러리 마롱,0.616614,0.68104565,0.84635955,0.85973,0.87643456,0.8864299,0.87366724,0.80213076,영화 관람,0.8864299,,
성균소극장,0.6145625,0.6513209,0.8581035,0.88385874,0.9002306,0.9040529,0.89759415,0.8039444,영화 관람,0.9040529,,
낙산공원,0.6130402,0.6673844,0.854397,0.8743791,0.89357007,0.9057127,0.8925478,0.80122155,영화 관람,0.9057127,,
열린송현녹지광장,0.57230127,0.6045451,0.8174359,0.83418036,0.8575699,0.8613678,0.8514901,0.7607672,영화 관람,0.8613678,,
창신소통공작소,0.6343466,0.651794,0.8272707,0.8456745,0.84970456,0.84817046,0.85555935,0.7886592,대중 공연,0.85555935,,
수림큐브,0.62201893,0.6456679,0.85698843,0.87987185,0.8986654,0.9000784,0.8952358,0.7993913,영화 관람,0.9000784,,
자하미술관,0.6254591,0.706706,0.8132332,0.8135972,0.8193447,0.83552974,0.81772494,0.7624146,영화 관람,0.83552974,,
이화장,0.61172146,0.6683265,0.85512924,0.8793986,0.8927739,0.89969426,0.8925775,0.8041184,영화 관람,0.89969426,,
종로여성인력개발센터,0.5929221,0.6335299,0.84578305,0.86952204,0.88863003,0.8964813,0.8858689,0.80037725,영화 관람,0.8964813,,
서울장애예술창작센터,0.61673456,0.6525206,0.85602653,0.87989736,0.8955947,0.9046768,0.89519274,0.8026009,영화 관람,0.9046768,,
송원아트센터,0.6208981,0.65035856,0.85318875,0.8798078,0.8915864,0.89563924,0.8899211,0.79671,영화 관람,0.89563924,,
대학로극장 쿼드,0.60459405,0.6537099,0.85020417,0.8686045,0.89015037,0.9029049,0.8872903,0.7970564,영화 관람,0.9029049,,
아트코리아랩 6층 아고라,0.60580575,0.6418254,0.85027754,0.8681005,0.8876584,0.8978198,0.88361734,0.7964721,영화 관람,0.8978198,,
청계광장,0.5991342,0.65089387,0.8483467,0.8722421,0.8894124,0.9063397,0.88904583,0.80310583,영화 관람,0.9063397,,
무계원,0.61860096,0.6433258,0.81006575,0.8210118,0.82485944,0.8222053,0.8347311,0.77200246,대중 공연,0.8347311,,
아트스페이스 보안1942(통의동 보안여관),0.62089276,0.67823243,0.8549576,0.8772416,0.8916544,0.9000826,0.889326,0.7982482,영화 관람,0.9000826,,
서울문화재단 대학로센터(예술청),0.61057913,0.6510225,0.85566247,0.8762001,0.89384025,0.9055113,0.89237595,0.8026923,영화 관람,0.9055113,,
환기미술관,0.60566986,0.6505753,0.8529991,0.8752314,0.8950019,0.9054916,0.89277893,0.80045676,영화 관람,0.9054916,,
좋은공연안내센터,0.6411487,0.6582816,0.8695696,0.8934195,0.91181004,0.90566564,0.908605,0.80791306,연극 공연,0.91181004,,
예그린씨어터,0.56718737,0.60066926,0.75619555,0.7615209,0.77501655,0.8154916,0.78247786,0.733858,영화 관람,0.8154916,,
더레퍼런스,0.63661593,0.68072236,0.82318926,0.81157124,0.81190336,0.8313533,0.8156804,0.76459515,영화 관람,0.8313533,,
중랑구평생학습관,0.5084802,0.5344723,0.6609669,0.66574824,0.6688909,0.6961121,0.6735766,0.61452496,영화 관람,0.6961121,,
중랑문화체육관,0.62746847,0.6684923,0.85632795,0.87093115,0.8832324,0.89318395,0.8862095,0.82169986,영화 관람,0.89318395,,
중랑구립정보도서관,0.620248,0.81691605,0.785223,0.77473444,0.76690495,0.79346156,0.77677476,0.7631304,박물관,0.81691605,,
중랑구민체육센터,0.62746847,0.6684923,0.85632795,0.87093115,0.8832324,0.89318395,0.8862095,0.82169986,영화 관람,0.89318395,,
옹기테마공원 체험장,0.49790496,0.51493704,0.6437471,0.6430859,0.64469594,0.6753046,0.6472213,0.595389,영화 관람,0.6753046,,
중랑아트센터,0.46866488,0.41680813,0.5439061,0.5307764,0.5543704,0.54137087,0.55008686,0.50367486,연극 공연,0.5543704,,
중랑장미공원,0.3458169,0.30552894,0.41535962,0.38718018,0.40198803,0.40935612,0.39208862,0.38724658,음악 및 무용 발표회,0.41535962,,
중랑문화원,0.5567455,0.6052139,0.7751889,0.7860633,0.8066282,0.8201024,0.8070004,0.7297991,영화 관람,0.8201024,,
중랑구립면목정보도서관,0.6098139,0.6681529,0.8475829,0.8580238,0.8845192,0.900939,0.88435614,0.8135611,영화 관람,0.900939,,
용마폭포공원,0.526204,0.5398708,0.68442,0.68683803,0.6920513,0.7224984,0.6963175,0.6386295,영화 관람,0.7224984,,
중랑구청,0.50969833,0.53059494,0.6682445,0.66862667,0.6704899,0.70025796,0.67406213,0.61487484,영화 관람,0.70025796,,
중랑상봉도서관,0.6098139,0.6681529,0.8475829,0.8580238,0.8845192,0.900939,0.88435614,0.8135611,영화 관람,0.900939,,
중랑캠핑숲,0.5361259,0.5659343,0.7425517,0.74987775,0.77678734,0.7998076,0.7794697,0.6990275,영화 관람,0.7998076,,
,,,,,,,,,,,Summary,
,,,,,,,,,,,전시회,1.0
,,,,,,,,,,,박물관,10.0
,,,,,,,,,,,음악 및 무용 발표회,6.0
,,,,,,,,,,,전통 예술 공연,4.0
,,,,,,,,,,,연극 공연,26.0
,,,,,,,,,,,영화 관람,637.0
,,,,,,,,,,,대중 공연,42.0
,,,,,,,,,,,운동 경기,2.0
